Combination,# Total used,# Children used,# Adults used,# Total found,# Children found,# Adults found,Total used (%),Children used (%),Adults used (%),Difference,Ratio Children:Adults used(%),Fisher's Exact Test,p-Value,Success
fire + water,1,0,1,98,67,31,1,0,3,3,0:100,0.0,0.32,True
fire + air,1,0,1,98,67,31,1,0,3,3,0:100,0.0,0.32,True
earth + water,1,0,1,98,67,31,1,0,3,3,0:100,0.0,0.32,True
water + mud,1,0,1,81,54,27,1,0,4,4,0:100,0.0,0.33,False
energy + water,1,0,1,85,57,28,1,0,4,4,0:100,0.0,0.33,True
fire + steam,1,0,1,93,64,29,1,0,3,3,0:100,0.0,0.31,False
fire + earth,1,0,1,98,67,31,1,0,3,3,0:100,0.0,0.32,True
fire + energy,1,0,1,85,57,28,1,0,4,4,0:100,0.0,0.33,False
fire + lava,1,0,1,88,60,28,1,0,4,4,0:100,0.0,0.32,False
fire + mud,1,0,1,81,54,27,1,0,4,4,0:100,0.0,0.33,True
fire + brick,1,0,1,49,33,16,2,0,6,6,0:100,0.0,0.33,False
water + air,1,0,1,98,67,31,1,0,3,3,0:100,0.0,0.32,True
water + brick,1,0,1,49,33,16,2,0,6,6,0:100,0.0,0.33,False
water + lava,1,0,1,88,60,28,1,0,4,4,0:100,0.0,0.32,True
water + obsidian,1,0,1,53,37,16,2,0,6,6,0:100,0.0,0.3,False
water + rain,1,0,1,85,58,27,1,0,4,4,0:100,0.0,0.32,False
water + steam,1,0,1,93,64,29,1,0,3,3,0:100,0.0,0.31,False
earth + air,1,0,1,98,67,31,1,0,3,3,0:100,0.0,0.32,True
air + brick,1,0,1,49,33,16,2,0,6,6,0:100,0.0,0.33,False
air + dust,1,0,1,72,48,24,1,0,4,4,0:100,0.0,0.33,False
air + energy,1,0,1,85,57,28,1,0,4,4,0:100,0.0,0.33,True
air + lava,1,0,1,88,60,28,1,0,4,4,0:100,0.0,0.32,True
air + mud,1,0,1,81,54,27,1,0,4,4,0:100,0.0,0.33,False
air + obsidian,1,0,1,53,37,16,2,0,6,6,0:100,0.0,0.3,False
air + rain,1,0,1,85,58,27,1,0,4,4,0:100,0.0,0.32,False
air + steam,1,0,1,93,64,29,1,0,3,3,0:100,0.0,0.31,True
air + stone,1,0,1,35,20,15,3,0,7,7,0:100,0.0,0.43,True
air + sand,1,0,1,11,5,6,9,0,17,17,0:100,0.0,1.0,False
air + wind,1,0,1,45,28,17,2,0,6,6,0:100,0.0,0.38,False
fire + wind,1,0,1,45,28,17,2,0,6,6,0:100,0.0,0.38,False
fire + stone,1,0,1,35,20,15,3,0,7,7,0:100,0.0,0.43,True
fire + metal,1,0,1,16,9,7,6,0,14,14,0:100,0.0,0.44,False
fire + sand,1,1,0,11,5,6,9,20,0,20,100:0,inf,0.45,True
fire + rain,1,0,1,85,58,27,1,0,4,4,0:100,0.0,0.32,False
fire + obsidian,1,0,1,53,37,16,2,0,6,6,0:100,0.0,0.3,False
fire + glass,1,0,1,2,1,1,50,0,100,100,0:100,0.0,1.0,False
glass + glass,1,1,0,2,1,1,50,100,0,100,100:0,inf,1.0,True
glass + water,1,0,1,2,1,1,50,0,100,100,0:100,0.0,1.0,True
metal + glasses,1,1,0,1,1,0,100,100,0,100,100:0,nan,1.0,False
water + water,1,0,1,98,67,31,1,0,3,3,0:100,0.0,0.32,True
fire + fire,1,0,1,98,67,31,1,0,3,3,0:100,0.0,0.32,False
earth + earth,1,0,1,98,67,31,1,0,3,3,0:100,0.0,0.32,True
air + air,1,0,1,98,67,31,1,0,3,3,0:100,0.0,0.32,True
aquarium + aquarium,1,1,0,2,1,1,50,100,0,100,100:0,inf,1.0,False
brick + brick,1,0,1,49,33,16,2,0,6,6,0:100,0.0,0.33,True
wall + wall,1,0,1,14,10,4,7,0,25,25,0:100,0.0,0.29,True
house + house,1,0,1,7,5,2,14,0,50,50,0:100,0.0,0.29,True
village + village,1,0,1,6,4,2,17,0,50,50,0:100,0.0,0.33,True
city + city,1,0,1,5,3,2,20,0,50,50,0:100,0.0,0.4,False
cloud + cloud,1,0,1,34,25,9,3,0,11,11,0:100,0.0,0.26,False
sea + fire,1,0,1,32,22,10,3,0,10,10,0:100,0.0,0.31,True
air + earth,1,0,1,98,67,31,1,0,3,3,0:100,0.0,0.32,True
dust + salt,1,1,0,8,5,3,12,20,0,20,100:0,inf,1.0,False
sea + salt,1,1,0,11,7,4,9,14,0,14,100:0,inf,1.0,False
air + fire,1,0,1,98,67,31,1,0,3,3,0:100,0.0,0.32,True
water + energy,1,0,1,85,57,28,1,0,4,4,0:100,0.0,0.33,True
air + cloud,1,0,1,34,25,9,3,0,11,11,0:100,0.0,0.26,True
sky + sky,1,1,0,18,15,3,6,7,0,7,100:0,inf,1.0,False
earth + sky,1,1,0,18,15,3,6,7,0,7,100:0,inf,1.0,True
cloud + dust,1,0,1,26,18,8,4,0,12,12,0:100,0.0,0.31,False
horizon + energy,1,1,0,4,2,2,25,50,0,50,100:0,inf,1.0,False
horizon + horizon,1,1,0,4,2,2,25,50,0,50,100:0,inf,1.0,False
cloud + water,1,0,1,34,25,9,3,0,11,11,0:100,0.0,0.26,True
cloud + fire,1,0,1,34,25,9,3,0,11,11,0:100,0.0,0.26,False
cloud + earth,1,0,1,34,25,9,3,0,11,11,0:100,0.0,0.26,True
rain + fog,1,1,0,6,4,2,17,25,0,25,100:0,inf,1.0,False
horizon + fog,1,1,0,1,1,0,100,100,0,100,100:0,nan,1.0,False
fog + fog,1,1,0,6,4,2,17,25,0,25,100:0,inf,1.0,False
fog + air,1,1,0,6,4,2,17,25,0,25,100:0,inf,1.0,False
fog + steam,1,1,0,6,4,2,17,25,0,25,100:0,inf,1.0,False
steam + horizon,1,1,0,4,2,2,25,50,0,50,100:0,inf,1.0,False
salt + rain,1,0,1,9,5,4,11,0,25,25,0:100,0.0,0.44,False
sky + salt,1,1,0,2,2,0,50,50,0,50,100:0,nan,1.0,False
steam + energy,1,0,1,82,54,28,1,0,4,4,0:100,0.0,0.34,False
sky + horizon,1,1,0,4,2,2,25,50,0,50,100:0,inf,1.0,False
steam + steam,1,0,1,93,64,29,1,0,3,3,0:100,0.0,0.31,False
rain + steam,1,1,0,83,57,26,1,2,0,2,100:0,inf,1.0,False
dust + dust,1,0,1,72,48,24,1,0,4,4,0:100,0.0,0.33,False
energy + energy,1,0,1,85,57,28,1,0,4,4,0:100,0.0,0.33,False
pressure + rain,1,0,1,32,24,8,3,0,12,12,0:100,0.0,0.25,False
energy + pressure,1,0,1,31,22,9,3,0,11,11,0:100,0.0,0.29,False
sea + pressure,1,0,1,28,19,9,4,0,11,11,0:100,0.0,0.32,False
pressure + fire,1,1,0,38,27,11,3,4,0,4,100:0,inf,1.0,False
pressure + water,1,0,1,38,27,11,3,0,9,9,0:100,0.0,0.29,False
pressure + pressure,1,0,1,38,27,11,3,0,9,9,0:100,0.0,0.29,False
horizon + pressure,1,1,0,2,1,1,50,100,0,100,100:0,inf,1.0,False
pressure + cloud,1,1,0,15,12,3,7,8,0,8,100:0,inf,1.0,False
steam + pressure,1,0,1,35,25,10,3,0,10,10,0:100,0.0,0.29,False
sky + pressure,1,1,0,8,7,1,12,14,0,14,100:0,inf,1.0,True
atmosphere + cloud,1,0,1,9,6,3,11,0,33,33,0:100,0.0,0.33,False
atmosphere + sea,1,0,1,9,5,4,11,0,25,25,0:100,0.0,0.44,False
atmosphere + air,1,0,1,14,9,5,7,0,20,20,0:100,0.0,0.36,False
fire + atmosphere,1,0,1,14,9,5,7,0,20,20,0:100,0.0,0.36,False
energy + atmosphere,1,0,1,10,6,4,10,0,25,25,0:100,0.0,0.4,False
atmosphere + atmosphere,1,0,1,14,9,5,7,0,20,20,0:100,0.0,0.36,False
salt + atmosphere,1,1,0,3,1,2,33,100,0,100,100:0,inf,0.33,False
earth + rain,1,0,1,85,58,27,1,0,4,4,0:100,0.0,0.32,True
plant + water,1,0,1,38,22,16,3,0,6,6,0:100,0.0,0.42,True
algae + water,1,0,1,23,14,9,4,0,11,11,0:100,0.0,0.39,False
lava + water,1,0,1,88,60,28,1,0,4,4,0:100,0.0,0.32,True
energy + steam,1,0,1,82,54,28,1,0,4,4,0:100,0.0,0.34,False
energy + rain,1,0,1,73,48,25,1,0,4,4,0:100,0.0,0.34,False
energy + obsidian,1,1,0,45,31,14,2,3,0,3,100:0,inf,1.0,False
obsidian + fire,1,0,1,53,37,16,2,0,6,6,0:100,0.0,0.3,False
steam + fire,1,0,1,93,64,29,1,0,3,3,0:100,0.0,0.31,False
earth + steam,1,0,1,93,64,29,1,0,3,3,0:100,0.0,0.31,True
geyser + lava,1,0,1,34,22,12,3,0,8,8,0:100,0.0,0.35,False
algae + sea,1,1,0,7,4,3,14,25,0,25,100:0,inf,1.0,False
plant + rain,1,0,1,38,22,16,3,0,6,6,0:100,0.0,0.42,False
earth + plant,1,0,1,38,22,16,3,0,6,6,0:100,0.0,0.42,True
grass + rain,1,1,0,21,12,9,5,8,0,8,100:0,inf,1.0,False
sea + steam,1,0,1,30,21,9,3,0,11,11,0:100,0.0,0.3,False
geyser + grass,1,1,0,11,7,4,9,14,0,14,100:0,inf,1.0,False
grass + plant,1,0,1,21,12,9,5,0,11,11,0:100,0.0,0.43,True
steam + rain,1,0,1,83,57,26,1,0,4,4,0:100,0.0,0.31,False
water + sea,1,1,0,32,22,10,3,5,0,5,100:0,inf,1.0,True
rain + garden,1,1,0,10,6,4,10,17,0,17,100:0,inf,1.0,False
garden + grass,1,1,0,6,4,2,17,25,0,25,100:0,inf,1.0,False
obsidian + geyser,1,1,0,21,14,7,5,7,0,7,100:0,inf,1.0,False
energy + sea,1,0,1,27,19,8,4,0,12,12,0:100,0.0,0.3,False
lava + grass,1,1,0,19,12,7,5,8,0,8,100:0,inf,1.0,False
earth + algae,1,0,1,23,14,9,4,0,11,11,0:100,0.0,0.39,False
geyser + steam,1,0,1,35,22,13,3,0,8,8,0:100,0.0,0.37,False
grass + energy,1,0,1,15,8,7,7,0,14,14,0:100,0.0,0.47,False
grass + fire,1,1,0,21,12,9,5,8,0,8,100:0,inf,1.0,False
garden + fire,1,0,1,10,6,4,10,0,25,25,0:100,0.0,0.4,False
energy + geyser,1,0,1,28,15,13,4,0,8,8,0:100,0.0,0.46,False
obsidian + lava,1,0,1,53,37,16,2,0,6,6,0:100,0.0,0.3,False
lava + earth,1,0,1,88,60,28,1,0,4,4,0:100,0.0,0.32,True
water + volcano,1,0,1,44,32,12,2,0,8,8,0:100,0.0,0.27,False
garden + air,1,1,0,10,6,4,10,17,0,17,100:0,inf,1.0,False
air + algae,1,0,1,23,14,9,4,0,11,11,0:100,0.0,0.39,False
air + ocean,1,0,1,15,10,5,7,0,20,20,0:100,0.0,0.33,False
air + plant,1,0,1,38,22,16,3,0,6,6,0:100,0.0,0.42,False
garden + ocean,1,1,0,3,1,2,33,100,0,100,100:0,inf,0.33,False
geyser + volcano,1,1,0,16,12,4,6,8,0,8,100:0,inf,1.0,False
obsidian + volcano,1,1,0,26,20,6,4,5,0,5,100:0,inf,1.0,False
volcano + volcano,1,0,1,44,32,12,2,0,8,8,0:100,0.0,0.27,False
water + fire,1,0,1,98,67,31,1,0,3,3,0:100,0.0,0.32,True
geyser + fire,1,0,1,35,22,13,3,0,8,8,0:100,0.0,0.37,False
water + earth,1,0,1,98,67,31,1,0,3,3,0:100,0.0,0.32,True
mud + geyser,1,1,0,30,19,11,3,5,0,5,100:0,inf,1.0,False
air + geyser,1,0,1,35,22,13,3,0,8,8,0:100,0.0,0.37,False
mud + air,1,0,1,81,54,27,1,0,4,4,0:100,0.0,0.33,False
energy + air,1,0,1,85,57,28,1,0,4,4,0:100,0.0,0.33,True
wind + mud,1,0,1,42,26,16,2,0,6,6,0:100,0.0,0.38,False
wind + energy,1,0,1,45,28,17,2,0,6,6,0:100,0.0,0.38,True
wind + wind,1,0,1,45,28,17,2,0,6,6,0:100,0.0,0.38,False
geyser + wind,1,1,0,16,9,7,6,11,0,11,100:0,inf,1.0,False
geyser + energy,1,0,1,28,15,13,4,0,8,8,0:100,0.0,0.46,False
steam + hurricane,1,0,1,19,10,9,5,0,11,11,0:100,0.0,0.47,False
geyser + water,1,0,1,35,22,13,3,0,8,8,0:100,0.0,0.37,False
earth + hurricane,1,1,0,20,11,9,5,9,0,9,100:0,inf,1.0,False
air + water,1,0,1,98,67,31,1,0,3,3,0:100,0.0,0.32,True
mud + water,1,0,1,81,54,27,1,0,4,4,0:100,0.0,0.33,False
water + hurricane,1,0,1,20,11,9,5,0,11,11,0:100,0.0,0.45,False
rain + water,1,0,1,85,58,27,1,0,4,4,0:100,0.0,0.32,False
wind + water,1,0,1,45,28,17,2,0,6,6,0:100,0.0,0.38,False
earth + fire,1,0,1,98,67,31,1,0,3,3,0:100,0.0,0.32,True
hurricane + fire,1,0,1,20,11,9,5,0,11,11,0:100,0.0,0.45,False
lava + fire,1,0,1,88,60,28,1,0,4,4,0:100,0.0,0.32,False
mud + fire,1,0,1,81,54,27,1,0,4,4,0:100,0.0,0.33,True
lava + brick,1,0,1,44,31,13,2,0,8,8,0:100,0.0,0.3,False
brick + energy,1,0,1,42,29,13,2,0,8,8,0:100,0.0,0.31,False
geyser + brick,1,1,0,15,8,7,7,12,0,12,100:0,inf,1.0,False
mud + brick,1,0,1,49,33,16,2,0,6,6,0:100,0.0,0.33,False
rain + brick,1,0,1,42,28,14,2,0,7,7,0:100,0.0,0.33,False
wind + brick,1,1,0,25,16,9,4,6,0,6,100:0,inf,1.0,False
brick + steam,1,1,0,47,33,14,2,3,0,3,100:0,inf,1.0,False
lava + energy,1,0,1,75,50,25,1,0,4,4,0:100,0.0,0.33,False
hurricane + energy,1,0,1,20,11,9,5,0,11,11,0:100,0.0,0.45,False
rain + wind,1,0,1,36,21,15,3,0,7,7,0:100,0.0,0.42,False
lava + mud,1,0,1,74,50,24,1,0,4,4,0:100,0.0,0.32,False
lava + wind,1,0,1,41,26,15,2,0,7,7,0:100,0.0,0.37,False
wind + hurricane,1,0,1,20,11,9,5,0,11,11,0:100,0.0,0.45,False
rain + air,1,0,1,85,58,27,1,0,4,4,0:100,0.0,0.32,False
lava + geyser,1,0,1,34,22,12,3,0,8,8,0:100,0.0,0.35,False
lava + rain,1,0,1,78,53,25,1,0,4,4,0:100,0.0,0.32,False
energy + fire,1,0,1,85,57,28,1,0,4,4,0:100,0.0,0.33,False
earth + energy,1,0,1,85,57,28,1,0,4,4,0:100,0.0,0.33,True
air + earthquake,1,0,1,49,33,16,2,0,6,6,0:100,0.0,0.33,False
energy + earthquake,1,0,1,49,33,16,2,0,6,6,0:100,0.0,0.33,False
earth + earthquake,1,1,0,49,33,16,2,3,0,3,100:0,inf,1.0,True
mountain + air,1,1,0,19,16,3,5,6,0,6,100:0,inf,1.0,False
mountain + water,1,0,1,19,16,3,5,0,33,33,0:100,0.0,0.16,True
river + river,1,1,0,11,9,2,9,11,0,11,100:0,inf,1.0,False
river + rain,1,0,1,10,8,2,10,0,50,50,0:100,0.0,0.2,False
river + fire,1,1,0,11,9,2,9,11,0,11,100:0,inf,1.0,False
river + water,1,0,1,11,9,2,9,0,50,50,0:100,0.0,0.18,False
mountain + steam,1,1,0,19,16,3,5,6,0,6,100:0,inf,1.0,False
earthquake + mountain,1,1,0,19,16,3,5,6,0,6,100:0,inf,1.0,False
mountain + energy,1,0,1,19,16,3,5,0,33,33,0:100,0.0,0.16,False
rain + rain,1,0,1,85,58,27,1,0,4,4,0:100,0.0,0.32,True
flood + earthquake,1,1,0,3,2,1,33,50,0,50,100:0,inf,1.0,False
river + flood,1,1,0,1,1,0,100,100,0,100,100:0,nan,1.0,False
water + flood,1,1,0,8,7,1,12,14,0,14,100:0,inf,1.0,False
flood + rain,1,1,0,8,7,1,12,14,0,14,100:0,inf,1.0,False
earth + flood,1,1,0,8,7,1,12,14,0,14,100:0,inf,1.0,False
energy + flood,1,1,0,6,5,1,17,20,0,20,100:0,inf,1.0,False
river + steam,1,1,0,11,9,2,9,11,0,11,100:0,inf,1.0,False
flood + air,1,1,0,8,7,1,12,14,0,14,100:0,inf,1.0,False
earthquake + earthquake,1,0,1,49,33,16,2,0,6,6,0:100,0.0,0.33,False
flood + flood,1,0,1,8,7,1,12,0,100,100,0:100,0.0,0.12,False
mountain + mountain,1,1,0,19,16,3,5,6,0,6,100:0,inf,1.0,True
mountain range + mountain range,1,1,0,2,2,0,50,50,0,50,100:0,nan,1.0,False
sea + sea,1,0,1,32,22,10,3,0,10,10,0:100,0.0,0.31,True
ocean + ocean,1,0,1,15,10,5,7,0,20,20,0:100,0.0,0.33,False
ocean + river,1,1,0,1,1,0,100,100,0,100,100:0,nan,1.0,False
ocean + water,1,1,0,15,10,5,7,10,0,10,100:0,inf,1.0,False
fire + ocean,1,1,0,15,10,5,7,10,0,10,100:0,inf,1.0,True
earth + ocean,1,0,1,15,10,5,7,0,20,20,0:100,0.0,0.33,False
earthquake + ocean,1,1,0,6,3,3,17,33,0,33,100:0,inf,1.0,True
mountain + ocean,1,1,0,2,2,0,50,50,0,50,100:0,nan,1.0,False
mountain range + ocean,1,1,0,1,1,0,100,100,0,100,100:0,nan,1.0,False
obsidian + earth,1,0,1,53,37,16,2,0,6,6,0:100,0.0,0.3,False
mud + mud,1,0,1,81,54,27,1,0,4,4,0:100,0.0,0.33,False
steam + lava,1,0,1,84,58,26,1,0,4,4,0:100,0.0,0.31,False
steam + earth,1,0,1,93,64,29,1,0,3,3,0:100,0.0,0.31,True
geyser + obsidian,1,1,0,21,14,7,5,7,0,7,100:0,inf,1.0,False
geyser + rain,1,0,1,31,20,11,3,0,9,9,0:100,0.0,0.35,False
fire + plant,1,0,1,38,22,16,3,0,6,6,0:100,0.0,0.42,True
earth + tobacco,1,1,0,24,11,13,4,9,0,9,100:0,inf,0.46,False
water + tobacco,1,0,1,24,11,13,4,0,8,8,0:100,0.0,1.0,False
lava + plant,1,0,1,34,20,14,3,0,7,7,0:100,0.0,0.41,False
geyser + pressure,1,1,0,9,5,4,11,20,0,20,100:0,inf,1.0,False
air + pressure,1,0,1,38,27,11,3,0,9,9,0:100,0.0,0.29,True
geyser + atmosphere,1,1,0,4,2,2,25,50,0,50,100:0,inf,1.0,False
air + atmosphere,1,0,1,14,9,5,7,0,20,20,0:100,0.0,0.36,False
atmosphere + water,1,0,1,14,9,5,7,0,20,20,0:100,0.0,0.36,False
atmosphere + pressure,1,1,0,14,9,5,7,11,0,11,100:0,inf,1.0,False
water + algae,1,0,1,23,14,9,4,0,11,11,0:100,0.0,0.39,False
algae + algae,1,0,1,23,14,9,4,0,11,11,0:100,0.0,0.39,False
algae + pressure,1,1,0,6,3,3,17,33,0,33,100:0,inf,1.0,False
algae + air,1,0,1,23,14,9,4,0,11,11,0:100,0.0,0.39,False
algae + lava,1,1,0,21,13,8,5,8,0,8,100:0,inf,1.0,False
fire + pressure,1,0,1,38,27,11,3,0,9,9,0:100,0.0,0.29,False
algae + flood,1,1,0,2,2,0,50,50,0,50,100:0,nan,1.0,False
pressure + flood,1,1,0,8,7,1,12,14,0,14,100:0,inf,1.0,False
atmosphere + steam,1,1,0,13,8,5,8,12,0,12,100:0,inf,1.0,False
mud + algae,1,1,0,17,9,8,6,11,0,11,100:0,inf,1.0,False
earth + grass,1,0,1,21,12,9,5,0,11,11,0:100,0.0,0.43,False
mud + grass,1,0,1,16,8,8,6,0,12,12,0:100,0.0,1.0,True
tobacco + volcano,1,0,1,11,5,6,9,0,17,17,0:100,0.0,1.0,False
rain + volcano,1,0,1,38,27,11,3,0,9,9,0:100,0.0,0.29,False
volcano + steam,1,0,1,42,32,10,2,0,10,10,0:100,0.0,0.24,False
earth + dust,1,0,1,72,48,24,1,0,4,4,0:100,0.0,0.33,False
fire + dust,1,0,1,72,48,24,1,0,4,4,0:100,0.0,0.33,True
dust + gunpowder,1,1,0,37,29,8,3,3,0,3,100:0,inf,1.0,False
gunpowder + lava,1,1,0,32,26,6,3,4,0,4,100:0,inf,1.0,False
fire + gunpowder,1,0,1,37,29,8,3,0,12,12,0:100,0.0,0.22,True
fire + explosion,1,1,0,18,15,3,6,7,0,7,100:0,inf,1.0,False
earth + explosion,1,1,0,18,15,3,6,7,0,7,100:0,inf,1.0,False
dust + explosion,1,1,0,18,15,3,6,7,0,7,100:0,inf,1.0,False
lava + explosion,1,1,0,15,14,1,7,7,0,7,100:0,inf,1.0,False
lava + pressure,1,0,1,31,22,9,3,0,11,11,0:100,0.0,0.29,True
explosion + granite,1,1,0,2,2,0,50,50,0,50,100:0,nan,1.0,False
dust + granite,1,1,0,5,3,2,20,33,0,33,100:0,inf,1.0,False
granite + earth,1,1,0,6,4,2,17,25,0,25,100:0,inf,1.0,False
water + granite,1,1,0,6,4,2,17,25,0,25,100:0,inf,1.0,False
pressure + dust,1,1,0,27,18,9,4,6,0,6,100:0,inf,1.0,False
cloud + steam,1,0,1,34,25,9,3,0,11,11,0:100,0.0,0.26,False
explosion + pressure,1,0,1,6,5,1,17,0,100,100,0:100,0.0,0.17,False
cloud + air,1,0,1,34,25,9,3,0,11,11,0:100,0.0,0.26,True
cloud + gunpowder,1,1,0,14,11,3,7,9,0,9,100:0,inf,1.0,False
sky + cloud,1,1,0,18,15,3,6,7,0,7,100:0,inf,1.0,False
earth + lava,1,0,1,88,60,28,1,0,4,4,0:100,0.0,0.32,True
volcano + atmosphere,1,1,0,4,4,0,25,25,0,25,100:0,nan,1.0,False
explosion + atmosphere,1,1,0,2,2,0,50,50,0,50,100:0,nan,1.0,False
lava + volcano,1,0,1,43,31,12,2,0,8,8,0:100,0.0,0.28,False
granite + air,1,1,0,6,4,2,17,25,0,25,100:0,inf,1.0,False
explosion + volcano,1,1,0,9,8,1,11,12,0,12,100:0,inf,1.0,False
granite + cloud,1,1,0,4,3,1,25,33,0,33,100:0,inf,1.0,False
earth + volcano,1,0,1,44,32,12,2,0,8,8,0:100,0.0,0.27,False
explosion + gunpowder,1,1,0,18,15,3,6,7,0,7,100:0,inf,1.0,False
sky + atmosphere,1,0,1,5,4,1,20,0,100,100,0:100,0.0,0.2,False
gunpowder + volcano,1,1,0,17,15,2,6,7,0,7,100:0,inf,1.0,False
steam + atmosphere,1,0,1,13,8,5,8,0,20,20,0:100,0.0,0.38,False
cloud + rain,1,0,1,33,25,8,3,0,12,12,0:100,0.0,0.24,False
sky + volcano,1,1,0,6,6,0,17,17,0,17,100:0,nan,1.0,False
fire + cloud,1,0,1,34,25,9,3,0,11,11,0:100,0.0,0.26,False
pressure + atmosphere,1,0,1,14,9,5,7,0,20,20,0:100,0.0,0.36,False
water + dust,1,0,1,72,48,24,1,0,4,4,0:100,0.0,0.33,False
lava + stone,1,0,1,35,20,15,3,0,7,7,0:100,0.0,0.43,False
stone + volcano,1,0,1,13,8,5,8,0,20,20,0:100,0.0,0.38,False
volcano + obsidian,1,0,1,26,20,6,4,0,17,17,0:100,0.0,0.23,False
dust + volcano,1,0,1,32,24,8,3,0,12,12,0:100,0.0,0.25,False
mud + dust,1,1,0,60,39,21,2,3,0,3,100:0,inf,1.0,False
mud + volcano,1,1,0,36,26,10,3,4,0,4,100:0,inf,1.0,False
brick + lava,1,0,1,44,31,13,2,0,8,8,0:100,0.0,0.3,False
obsidian + brick,1,0,1,31,23,8,3,0,12,12,0:100,0.0,0.26,False
earth + stone,1,0,1,35,20,15,3,0,7,7,0:100,0.0,0.43,False
energy + lava,1,0,1,75,50,25,1,0,4,4,0:100,0.0,0.33,False
energy + dust,1,0,1,63,40,23,2,0,4,4,0:100,0.0,0.37,False
mud + wind,1,0,1,42,26,16,2,0,6,6,0:100,0.0,0.38,False
steam + volcano,1,0,1,42,32,10,2,0,10,10,0:100,0.0,0.24,False
wind + volcano,1,0,1,18,12,6,6,0,17,17,0:100,0.0,0.33,False
volcano + energy,1,0,1,35,25,10,3,0,10,10,0:100,0.0,0.29,True
ash + energy,1,0,1,15,10,5,7,0,20,20,0:100,0.0,0.33,False
ash + fire,1,1,0,15,10,5,7,10,0,10,100:0,inf,1.0,False
ash + mud,1,1,0,13,9,4,8,11,0,11,100:0,inf,1.0,False
wind + ash,1,1,0,6,4,2,17,25,0,25,100:0,inf,1.0,False
steam + mud,1,0,1,78,53,25,1,0,4,4,0:100,0.0,0.32,False
brick + wind,1,1,0,25,16,9,4,6,0,6,100:0,inf,1.0,False
wind + dust,1,0,1,32,18,14,3,0,7,7,0:100,0.0,0.44,False
earth + obsidian,1,0,1,53,37,16,2,0,6,6,0:100,0.0,0.3,False
steam + ash,1,1,0,15,10,5,7,10,0,10,100:0,inf,1.0,False
earth + ash,1,1,0,15,10,5,7,10,0,10,100:0,inf,1.0,False
brick + fire,1,0,1,49,33,16,2,0,6,6,0:100,0.0,0.33,False
energy + earth,1,0,1,85,57,28,1,0,4,4,0:100,0.0,0.33,True
earthquake + ash,1,0,1,12,9,3,8,0,33,33,0:100,0.0,0.25,False
wind + air,1,0,1,45,28,17,2,0,6,6,0:100,0.0,0.38,False
energy + wind,1,0,1,45,28,17,2,0,6,6,0:100,0.0,0.38,True
hurricane + wind,1,1,0,20,11,9,5,9,0,9,100:0,inf,1.0,False
hurricane + hurricane,1,0,1,20,11,9,5,0,11,11,0:100,0.0,0.45,False
hurricane + mud,1,1,0,19,10,9,5,10,0,10,100:0,inf,1.0,False
earthquake + air,1,0,1,49,33,16,2,0,6,6,0:100,0.0,0.33,False
wind + steam,1,0,1,43,26,17,2,0,6,6,0:100,0.0,0.4,False
hurricane + earthquake,1,0,1,16,10,6,6,0,17,17,0:100,0.0,0.38,False
mud + rain,1,0,1,71,47,24,1,0,4,4,0:100,0.0,0.34,False
rain + hurricane,1,0,1,16,7,9,6,0,11,11,0:100,0.0,1.0,False
air + mountain,1,1,0,19,16,3,5,6,0,6,100:0,inf,1.0,False
rain + mountain,1,1,0,17,14,3,6,7,0,7,100:0,inf,1.0,True
rain + river,1,1,0,10,8,2,10,12,0,12,100:0,inf,1.0,False
energy + river,1,0,1,11,9,2,9,0,50,50,0:100,0.0,0.18,False
earthquake + water,1,0,1,49,33,16,2,0,6,6,0:100,0.0,0.33,False
hurricane + water,1,0,1,20,11,9,5,0,11,11,0:100,0.0,0.45,False
water + river,1,1,0,11,9,2,9,11,0,11,100:0,inf,1.0,False
steam + water,1,0,1,93,64,29,1,0,3,3,0:100,0.0,0.31,False
earthquake + fire,1,0,1,49,33,16,2,0,6,6,0:100,0.0,0.33,False
mountain + fire,1,0,1,19,16,3,5,0,33,33,0:100,0.0,0.16,True
rain + fire,1,0,1,85,58,27,1,0,4,4,0:100,0.0,0.32,False
volcano + fire,1,0,1,44,32,12,2,0,8,8,0:100,0.0,0.27,False
wind + fire,1,0,1,45,28,17,2,0,6,6,0:100,0.0,0.38,False
brick + earth,1,0,1,49,33,16,2,0,6,6,0:100,0.0,0.33,False
volcano + lava,1,0,1,43,31,12,2,0,8,8,0:100,0.0,0.28,False
fire + volcano,1,0,1,44,32,12,2,0,8,8,0:100,0.0,0.27,False
volcano + earth,1,0,1,44,32,12,2,0,8,8,0:100,0.0,0.27,False
stone + air,1,0,1,35,20,15,3,0,7,7,0:100,0.0,0.43,True
sand + lava,1,1,0,11,5,6,9,20,0,20,100:0,inf,0.45,False
water + sand,1,1,0,11,5,6,9,20,0,20,100:0,inf,0.45,True
rain + beach,1,0,1,3,2,1,33,0,100,100,0:100,0.0,0.33,False
volcano + metal,1,0,1,5,3,2,20,0,50,50,0:100,0.0,0.4,False
metal + beach,1,1,0,1,1,0,100,100,0,100,100:0,nan,1.0,False
stone + earth,1,0,1,35,20,15,3,0,7,7,0:100,0.0,0.43,False
beach + lava,1,1,0,3,2,1,33,50,0,50,100:0,inf,1.0,False
lava + metal,1,1,0,16,9,7,6,11,0,11,100:0,inf,1.0,False
volcano + sand,1,0,1,3,1,2,33,0,50,50,0:100,0.0,1.0,False
rain + metal,1,0,1,13,8,5,8,0,20,20,0:100,0.0,0.38,False
earth + metal,1,0,1,16,9,7,6,0,14,14,0:100,0.0,0.44,False
sand + air,1,1,0,11,5,6,9,20,0,20,100:0,inf,0.45,False
stone + stone,1,0,1,35,20,15,3,0,7,7,0:100,0.0,0.43,False
beach + volcano,1,1,0,2,1,1,50,100,0,100,100:0,inf,1.0,False
metal + steam,1,1,0,13,7,6,8,14,0,14,100:0,inf,1.0,True
boiler + fire,1,1,0,3,3,0,33,33,0,33,100:0,nan,1.0,False
boiler + water,1,1,0,3,3,0,33,33,0,33,100:0,nan,1.0,False
boiler + sand,1,1,0,3,3,0,33,33,0,33,100:0,nan,1.0,False
steam + boiler,1,1,0,3,3,0,33,33,0,33,100:0,nan,1.0,False
stone + steam,1,1,0,32,18,14,3,6,0,6,100:0,inf,1.0,False
air + boiler,1,1,0,3,3,0,33,33,0,33,100:0,nan,1.0,False
lava + lava,1,0,1,88,60,28,1,0,4,4,0:100,0.0,0.32,False
water + beach,1,0,1,3,2,1,33,0,100,100,0:100,0.0,0.33,False
water + metal,1,0,1,16,9,7,6,0,14,14,0:100,0.0,0.44,False
water + stone,1,0,1,35,20,15,3,0,7,7,0:100,0.0,0.43,False
fire + beach,1,1,0,3,2,1,33,50,0,50,100:0,inf,1.0,False
rain + obsidian,1,1,0,46,32,14,2,3,0,3,100:0,inf,1.0,False
brick + obsidian,1,1,0,31,23,8,3,4,0,4,100:0,inf,1.0,False
volcano + pressure,1,1,0,13,10,3,8,10,0,10,100:0,inf,1.0,False
mud + pressure,1,0,1,30,19,11,3,0,9,9,0:100,0.0,0.37,False
pressure + energy,1,0,1,31,22,9,3,0,11,11,0:100,0.0,0.29,False
steam + obsidian,1,0,1,51,36,15,2,0,7,7,0:100,0.0,0.29,False
wind + house,1,1,0,4,3,1,25,33,0,33,100:0,inf,1.0,True
windmill + house,1,1,0,1,1,0,100,100,0,100,100:0,nan,1.0,False
wind + windmill,1,1,0,1,1,0,100,100,0,100,100:0,nan,1.0,False
lava + ocean,1,0,1,11,7,4,9,0,25,25,0:100,0.0,0.36,False
obsidian + pressure,1,0,1,21,14,7,5,0,14,14,0:100,0.0,0.33,False
windmill + steam,1,1,0,1,1,0,100,100,0,100,100:0,nan,1.0,False
windmill + windmill,1,1,0,1,1,0,100,100,0,100,100:0,nan,1.0,False
energy + brick,1,0,1,42,29,13,2,0,8,8,0:100,0.0,0.31,False
house + sea,1,1,0,7,5,2,14,20,0,20,100:0,inf,1.0,False
water + wind,1,0,1,45,28,17,2,0,6,6,0:100,0.0,0.38,False
mud + energy,1,0,1,70,46,24,1,0,4,4,0:100,0.0,0.34,False
mountain + geyser,1,1,0,5,3,2,20,33,0,33,100:0,inf,1.0,False
volcano + earthquake,1,0,1,25,17,8,4,0,12,12,0:100,0.0,0.32,False
volcano + water,1,0,1,44,32,12,2,0,8,8,0:100,0.0,0.27,False
mountain + volcano,1,1,0,13,10,3,8,10,0,10,100:0,inf,1.0,False
energy + volcano,1,0,1,35,25,10,3,0,10,10,0:100,0.0,0.29,True
ash + water,1,1,0,15,10,5,7,10,0,10,100:0,inf,1.0,False
air + ash,1,0,1,15,10,5,7,0,20,20,0:100,0.0,0.33,False
earth + mountain,1,1,0,19,16,3,5,6,0,6,100:0,inf,1.0,False
wind + mountain,1,1,0,11,9,2,9,11,0,11,100:0,inf,1.0,False
ash + earth,1,1,0,15,10,5,7,10,0,10,100:0,inf,1.0,False
mud + steam,1,0,1,78,53,25,1,0,4,4,0:100,0.0,0.32,False
hurricane + geyser,1,0,1,7,4,3,14,0,33,33,0:100,0.0,0.43,False
fire + hurricane,1,0,1,20,11,9,5,0,11,11,0:100,0.0,0.45,False
hurricane + air,1,0,1,20,11,9,5,0,11,11,0:100,0.0,0.45,False
earth + wind,1,0,1,45,28,17,2,0,6,6,0:100,0.0,0.38,False
obsidian + water,1,0,1,53,37,16,2,0,6,6,0:100,0.0,0.3,False
brick + water,1,0,1,49,33,16,2,0,6,6,0:100,0.0,0.33,False
obsidian + mud,1,0,1,49,33,16,2,0,6,6,0:100,0.0,0.33,False
volcano + brick,1,1,0,21,14,7,5,7,0,7,100:0,inf,1.0,False
brick + dust,1,1,0,36,25,11,3,4,0,4,100:0,inf,1.0,False
dust + wind,1,0,1,32,18,14,3,0,7,7,0:100,0.0,0.44,False
dust + energy,1,0,1,63,40,23,2,0,4,4,0:100,0.0,0.37,False
algae + rain,1,1,0,23,14,9,4,7,0,7,100:0,inf,1.0,False
earthquake + energy,1,0,1,49,33,16,2,0,6,6,0:100,0.0,0.33,False
lava + earthquake,1,0,1,43,28,15,2,0,7,7,0:100,0.0,0.35,False
dust + water,1,0,1,72,48,24,1,0,4,4,0:100,0.0,0.33,False
algae + plant,1,1,0,23,14,9,4,7,0,7,100:0,inf,1.0,False
dust + earth,1,0,1,72,48,24,1,0,4,4,0:100,0.0,0.33,False
lava + dust,1,0,1,64,43,21,2,0,5,5,0:100,0.0,0.33,False
rain + cloud,1,1,0,33,25,8,3,4,0,4,100:0,inf,1.0,False
earth + cloud,1,0,1,34,25,9,3,0,11,11,0:100,0.0,0.26,True
steam + fog,1,1,0,6,4,2,17,25,0,25,100:0,inf,1.0,False
steam + dust,1,0,1,69,45,24,1,0,4,4,0:100,0.0,0.35,False
cloud + fog,1,1,0,6,4,2,17,25,0,25,100:0,inf,1.0,False
plant + energy,1,0,1,31,17,14,3,0,7,7,0:100,0.0,0.45,False
dust + ash,1,1,0,12,7,5,8,14,0,14,100:0,inf,1.0,False
stone + ash,1,1,0,9,6,3,11,17,0,17,100:0,inf,1.0,False
volcano + ash,1,0,1,15,10,5,7,0,20,20,0:100,0.0,0.33,False
water + sky,1,0,1,18,15,3,6,0,33,33,0:100,0.0,0.17,False
rain + sky,1,0,1,17,15,2,6,0,50,50,0:100,0.0,0.12,False
fire + sky,1,0,1,18,15,3,6,0,33,33,0:100,0.0,0.17,True
cloud + sun,1,1,0,4,3,1,25,33,0,33,100:0,inf,1.0,False
rain + sun,1,1,0,4,3,1,25,33,0,33,100:0,inf,1.0,True
earthquake + earth,1,0,1,49,33,16,2,0,6,6,0:100,0.0,0.33,True
mountain + earth,1,0,1,19,16,3,5,0,33,33,0:100,0.0,0.16,False
mountain + wind,1,0,1,11,9,2,9,0,50,50,0:100,0.0,0.18,False
water + mountain,1,0,1,19,16,3,5,0,33,33,0:100,0.0,0.16,True
river + energy,1,1,0,11,9,2,9,11,0,11,100:0,inf,1.0,False
fire + earthquake,1,0,1,49,33,16,2,0,6,6,0:100,0.0,0.33,False
river + air,1,1,0,11,9,2,9,11,0,11,100:0,inf,1.0,False
air + hurricane,1,0,1,20,11,9,5,0,11,11,0:100,0.0,0.45,False
river + wind,1,1,0,6,5,1,17,20,0,20,100:0,inf,1.0,False
pressure + earth,1,0,1,38,27,11,3,0,9,9,0:100,0.0,0.29,False
mountain + pressure,1,1,0,4,4,0,25,25,0,25,100:0,nan,1.0,False
wind + pressure,1,1,0,15,9,6,7,11,0,11,100:0,inf,1.0,False
earthquake + pressure,1,1,0,15,11,4,7,9,0,9,100:0,inf,1.0,False
river + earthquake,1,1,0,11,9,2,9,11,0,11,100:0,inf,1.0,False
mountain range + earth,1,1,0,2,2,0,50,50,0,50,100:0,nan,1.0,False
mountain range + mountain,1,1,0,2,2,0,50,50,0,50,100:0,nan,1.0,False
mountain range + river,1,1,0,2,2,0,50,50,0,50,100:0,nan,1.0,False
river + earth,1,1,0,11,9,2,9,11,0,11,100:0,inf,1.0,False
wind + plant,1,1,0,16,7,9,6,14,0,14,100:0,inf,0.44,False
plant + plant,1,0,1,38,22,16,3,0,6,6,0:100,0.0,0.42,True
garden + garden,1,1,0,10,6,4,10,17,0,17,100:0,inf,1.0,False
plant + garden,1,1,0,10,6,4,10,17,0,17,100:0,inf,1.0,True
garden + flower,1,1,0,3,3,0,33,33,0,33,100:0,nan,1.0,False
flower + flower,1,1,0,3,3,0,33,33,0,33,100:0,nan,1.0,True
plant + flower,1,1,0,3,3,0,33,33,0,33,100:0,nan,1.0,False
flower + hurricane,1,1,0,1,1,0,100,100,0,100,100:0,nan,1.0,False
mud + earth,1,0,1,81,54,27,1,0,4,4,0:100,0.0,0.33,False
geyser + dust,1,1,0,22,13,9,5,8,0,8,100:0,inf,1.0,False
lava + obsidian,1,0,1,53,37,16,2,0,6,6,0:100,0.0,0.3,False
dust + air,1,0,1,72,48,24,1,0,4,4,0:100,0.0,0.33,False
mud + obsidian,1,1,0,49,33,16,2,3,0,3,100:0,inf,1.0,False
geyser + mud,1,1,0,30,19,11,3,5,0,5,100:0,inf,1.0,False
geyser + air,1,0,1,35,22,13,3,0,8,8,0:100,0.0,0.37,False
dust + obsidian,1,0,1,43,29,14,2,0,7,7,0:100,0.0,0.33,False
wind + rain,1,0,1,36,21,15,3,0,7,7,0:100,0.0,0.42,False
rain + lava,1,0,1,78,53,25,1,0,4,4,0:100,0.0,0.32,False
wind + obsidian,1,0,1,25,16,9,4,0,11,11,0:100,0.0,0.36,False
geyser + hurricane,1,1,0,7,4,3,14,25,0,25,100:0,inf,1.0,False
energy + hurricane,1,0,1,20,11,9,5,0,11,11,0:100,0.0,0.45,False
rain + earth,1,0,1,85,58,27,1,0,4,4,0:100,0.0,0.32,True
geyser + tobacco,1,1,0,10,5,5,10,20,0,20,100:0,inf,1.0,False
fire + geyser,1,0,1,35,22,13,3,0,8,8,0:100,0.0,0.37,False
tobacco + water,1,0,1,24,11,13,4,0,8,8,0:100,0.0,1.0,False
air + tobacco,1,1,0,24,11,13,4,9,0,9,100:0,inf,0.46,False
plant + geyser,1,1,0,17,9,8,6,11,0,11,100:0,inf,1.0,False
brick + tobacco,1,0,1,12,4,8,8,0,12,12,0:100,0.0,1.0,False
earth + brick,1,0,1,49,33,16,2,0,6,6,0:100,0.0,0.33,False
brick + geyser,1,1,0,15,8,7,7,12,0,12,100:0,inf,1.0,False
plant + brick,1,1,0,17,7,10,6,14,0,14,100:0,inf,0.41,False
steam + brick,1,0,1,47,33,14,2,0,7,7,0:100,0.0,0.3,False
tobacco + obsidian,1,1,0,14,7,7,7,14,0,14,100:0,inf,1.0,False
geyser + geyser,1,0,1,35,22,13,3,0,8,8,0:100,0.0,0.37,False
tobacco + plant,1,0,1,24,11,13,4,0,8,8,0:100,0.0,1.0,False
tobacco + energy,1,0,1,19,8,11,5,0,9,9,0:100,0.0,1.0,False
mud + lava,1,0,1,74,50,24,1,0,4,4,0:100,0.0,0.32,False
steam + geyser,1,0,1,35,22,13,3,0,8,8,0:100,0.0,0.37,False
wind + geyser,1,0,1,16,9,7,6,0,14,14,0:100,0.0,0.44,False
wind + earth,1,0,1,45,28,17,2,0,6,6,0:100,0.0,0.38,False
volcano + rain,1,0,1,38,27,11,3,0,9,9,0:100,0.0,0.29,False
volcano + mountain,1,1,0,13,10,3,8,10,0,10,100:0,inf,1.0,False
earthquake + brick,1,0,1,23,16,7,4,0,14,14,0:100,0.0,0.3,False
brick + volcano,1,0,1,21,14,7,5,0,14,14,0:100,0.0,0.33,False
mud + mountain,1,1,0,15,13,2,7,8,0,8,100:0,inf,1.0,False
steam + wind,1,0,1,43,26,17,2,0,6,6,0:100,0.0,0.4,False
earthquake + volcano,1,0,1,25,17,8,4,0,12,12,0:100,0.0,0.32,False
dust + lava,1,0,1,64,43,21,2,0,5,5,0:100,0.0,0.33,False
lava + mountain,1,1,0,16,13,3,6,8,0,8,100:0,inf,1.0,True
volcano + wind,1,1,0,18,12,6,6,8,0,8,100:0,inf,1.0,False
volcano + air,1,0,1,44,32,12,2,0,8,8,0:100,0.0,0.27,False
obsidian + obsidian,1,0,1,53,37,16,2,0,6,6,0:100,0.0,0.3,False
volcano + geyser,1,1,0,16,12,4,6,8,0,8,100:0,inf,1.0,False
dust + fire,1,0,1,72,48,24,1,0,4,4,0:100,0.0,0.33,True
lava + gunpowder,1,1,0,32,26,6,3,4,0,4,100:0,inf,1.0,False
tobacco + geyser,1,1,0,10,5,5,10,20,0,20,100:0,inf,1.0,False
gunpowder + dust,1,1,0,37,29,8,3,3,0,3,100:0,inf,1.0,False
volcano + gunpowder,1,1,0,17,15,2,6,7,0,7,100:0,inf,1.0,False
water + gunpowder,1,0,1,37,29,8,3,0,12,12,0:100,0.0,0.22,False
fire + algae,1,0,1,23,14,9,4,0,11,11,0:100,0.0,0.39,False
obsidian + rain,1,0,1,46,32,14,2,0,7,7,0:100,0.0,0.3,False
earth + geyser,1,1,0,35,22,13,3,5,0,5,100:0,inf,1.0,False
pressure + sea,1,0,1,28,19,9,4,0,11,11,0:100,0.0,0.32,False
earth + sea,1,0,1,32,22,10,3,0,10,10,0:100,0.0,0.31,False
plant + pressure,1,0,1,12,6,6,8,0,17,17,0:100,0.0,1.0,True
gunpowder + energy,1,0,1,30,22,8,3,0,12,12,0:100,0.0,0.27,False
air + gunpowder,1,0,1,37,29,8,3,0,12,12,0:100,0.0,0.22,False
water + pressure,1,0,1,38,27,11,3,0,9,9,0:100,0.0,0.29,False
gunpowder + gunpowder,1,1,0,37,29,8,3,3,0,3,100:0,inf,1.0,False
ocean + sea,1,1,0,15,10,5,7,10,0,10,100:0,inf,1.0,False
fire + sea,1,0,1,32,22,10,3,0,10,10,0:100,0.0,0.31,True
salt + energy,1,0,1,11,7,4,9,0,25,25,0:100,0.0,0.36,False
salt + salt,1,0,1,11,7,4,9,0,25,25,0:100,0.0,0.36,False
salt + ocean,1,1,0,5,3,2,20,33,0,33,100:0,inf,1.0,False
pressure + ocean,1,1,0,14,9,5,7,11,0,11,100:0,inf,1.0,False
gunpowder + salt,1,1,0,5,4,1,20,25,0,25,100:0,inf,1.0,False
gunpowder + steam,1,1,0,35,27,8,3,4,0,4,100:0,inf,1.0,False
mud + ocean,1,1,0,12,7,5,8,14,0,14,100:0,inf,1.0,False
mud + salt,1,1,0,8,4,4,12,25,0,25,100:0,inf,1.0,False
pressure + salt,1,1,0,9,6,3,11,17,0,17,100:0,inf,1.0,False
plant + steam,1,0,1,36,21,15,3,0,7,7,0:100,0.0,0.42,False
grass + mud,1,1,0,16,8,8,6,12,0,12,100:0,inf,1.0,True
swamp + water,1,0,1,10,5,5,10,0,20,20,0:100,0.0,1.0,False
grass + tobacco,1,1,0,13,6,7,8,17,0,17,100:0,inf,0.46,False
grass + earth,1,1,0,21,12,9,5,8,0,8,100:0,inf,1.0,False
geyser + swamp,1,1,0,5,3,2,20,33,0,33,100:0,inf,1.0,False
steam + tobacco,1,0,1,23,11,12,4,0,8,8,0:100,0.0,1.0,False
fire + swamp,1,1,0,10,5,5,10,20,0,20,100:0,inf,1.0,False
earth + swamp,1,1,0,10,5,5,10,20,0,20,100:0,inf,1.0,False
cloud + tobacco,1,1,0,7,4,3,14,25,0,25,100:0,inf,1.0,False
steam + cloud,1,1,0,34,25,9,3,4,0,4,100:0,inf,1.0,False
air + sun,1,1,0,4,3,1,25,33,0,33,100:0,inf,1.0,False
water + sun,1,1,0,4,3,1,25,33,0,33,100:0,inf,1.0,False
sun + steam,1,1,0,4,3,1,25,33,0,33,100:0,inf,1.0,False
mud + sun,1,1,0,2,1,1,50,100,0,100,100:0,inf,1.0,True
sky + plant,1,1,0,6,4,2,17,25,0,25,100:0,inf,1.0,False
sun + sky,1,1,0,4,3,1,25,33,0,33,100:0,inf,1.0,True
day + air,1,1,0,2,2,0,50,50,0,50,100:0,nan,1.0,False
grass + steam,1,0,1,19,11,8,5,0,12,12,0:100,0.0,0.42,False
day + sky,1,1,0,2,2,0,50,50,0,50,100:0,nan,1.0,False
fire + day,1,1,0,2,2,0,50,50,0,50,100:0,nan,1.0,False
tobacco + brick,1,1,0,12,4,8,8,25,0,25,100:0,inf,0.33,False
water + day,1,1,0,2,2,0,50,50,0,50,100:0,nan,1.0,False
sun + rain,1,1,0,4,3,1,25,33,0,33,100:0,inf,1.0,True
sky + rainbow,1,1,0,2,2,0,50,50,0,50,100:0,nan,1.0,False
cloud + earthquake,1,1,0,11,7,4,9,14,0,14,100:0,inf,1.0,False
volcano + hurricane,1,1,0,7,5,2,14,20,0,20,100:0,inf,1.0,False
wind + lava,1,0,1,41,26,15,2,0,7,7,0:100,0.0,0.37,False
mud + hurricane,1,0,1,19,10,9,5,0,11,11,0:100,0.0,0.47,False
fog + earth,1,1,0,6,4,2,17,25,0,25,100:0,inf,1.0,False
water + cloud,1,0,1,34,25,9,3,0,11,11,0:100,0.0,0.26,True
rain + mud,1,0,1,71,47,24,1,0,4,4,0:100,0.0,0.34,False
lava + air,1,0,1,88,60,28,1,0,4,4,0:100,0.0,0.32,True
energy + stone,1,0,1,32,18,14,3,0,7,7,0:100,0.0,0.44,False
stone + water,1,0,1,35,20,15,3,0,7,7,0:100,0.0,0.43,False
rain + earthquake,1,1,0,43,27,16,2,4,0,4,100:0,inf,1.0,False
cloud + energy,1,0,1,27,19,8,4,0,12,12,0:100,0.0,0.3,True
air + storm,1,1,0,9,7,2,11,14,0,14,100:0,inf,1.0,False
fire + salt,1,0,1,11,7,4,9,0,25,25,0:100,0.0,0.36,False
earth + gunpowder,1,1,0,37,29,8,3,3,0,3,100:0,inf,1.0,False
earth + mud,1,0,1,81,54,27,1,0,4,4,0:100,0.0,0.33,False
cloud + lava,1,0,1,32,23,9,3,0,11,11,0:100,0.0,0.28,False
mud + cloud,1,1,0,25,19,6,4,5,0,5,100:0,inf,1.0,False
dust + mud,1,0,1,60,39,21,2,0,5,5,0:100,0.0,0.35,False
volcano + explosion,1,1,0,9,8,1,11,12,0,12,100:0,inf,1.0,False
sky + water,1,1,0,18,15,3,6,7,0,7,100:0,inf,1.0,False
gunpowder + water,1,1,0,37,29,8,3,3,0,3,100:0,inf,1.0,False
sky + explosion,1,1,0,7,7,0,14,14,0,14,100:0,nan,1.0,True
fireworks + fire,1,1,0,1,1,0,100,100,0,100,100:0,nan,1.0,False
fireworks + dust,1,1,0,1,1,0,100,100,0,100,100:0,nan,1.0,False
fireworks + gunpowder,1,1,0,1,1,0,100,100,0,100,100:0,nan,1.0,False
steam + fireworks,1,1,0,1,1,0,100,100,0,100,100:0,nan,1.0,False
fireworks + explosion,1,1,0,1,1,0,100,100,0,100,100:0,nan,1.0,False
air + fireworks,1,1,0,1,1,0,100,100,0,100,100:0,nan,1.0,False
gunpowder + mud,1,1,0,29,23,6,3,4,0,4,100:0,inf,1.0,False
fireworks + water,1,1,0,1,1,0,100,100,0,100,100:0,nan,1.0,False
earth + fireworks,1,1,0,1,1,0,100,100,0,100,100:0,nan,1.0,False
water + plant,1,0,1,38,22,16,3,0,6,6,0:100,0.0,0.42,True
plant + earth,1,0,1,38,22,16,3,0,6,6,0:100,0.0,0.42,True
plant + fire,1,0,1,38,22,16,3,0,6,6,0:100,0.0,0.42,True
plant + air,1,0,1,38,22,16,3,0,6,6,0:100,0.0,0.42,False
plant + grass,1,1,0,21,12,9,5,8,0,8,100:0,inf,1.0,True
tobacco + fire,1,0,1,24,11,13,4,0,8,8,0:100,0.0,1.0,False
tobacco + earth,1,0,1,24,11,13,4,0,8,8,0:100,0.0,1.0,False
tobacco + garden,1,1,0,4,2,2,25,50,0,50,100:0,inf,1.0,False
algae + fire,1,0,1,23,14,9,4,0,11,11,0:100,0.0,0.39,False
tobacco + algae,1,0,1,16,9,7,6,0,14,14,0:100,0.0,0.44,False
energy + explosion,1,1,0,13,10,3,8,10,0,10,100:0,inf,1.0,True
energy + atomic bomb,1,1,0,7,6,1,14,17,0,17,100:0,inf,1.0,False
fire + atomic bomb,1,1,0,7,6,1,14,17,0,17,100:0,inf,1.0,False
atomic bomb + lava,1,1,0,5,5,0,20,20,0,20,100:0,nan,1.0,False
atomic bomb + algae,1,1,0,3,2,1,33,50,0,50,100:0,inf,1.0,False
brick + atomic bomb,1,1,0,3,2,1,33,50,0,50,100:0,inf,1.0,False
energy + plant,1,0,1,31,17,14,3,0,7,7,0:100,0.0,0.45,False
atomic bomb + air,1,1,0,7,6,1,14,17,0,17,100:0,inf,1.0,False
stone + fire,1,0,1,35,20,15,3,0,7,7,0:100,0.0,0.43,True
atomic bomb + metal,1,1,0,2,2,0,50,50,0,50,100:0,nan,1.0,False
lava + algae,1,0,1,21,13,8,5,0,12,12,0:100,0.0,0.38,False
obsidian + air,1,0,1,53,37,16,2,0,6,6,0:100,0.0,0.3,False
obsidian + algae,1,0,1,13,9,4,8,0,25,25,0:100,0.0,0.31,False
dust + tobacco,1,1,0,17,7,10,6,14,0,14,100:0,inf,0.41,False
tobacco + rain,1,0,1,24,11,13,4,0,8,8,0:100,0.0,1.0,False
algae + energy,1,1,0,19,12,7,5,8,0,8,100:0,inf,1.0,False
plant + algae,1,1,0,23,14,9,4,7,0,7,100:0,inf,1.0,False
algae + wind,1,1,0,7,3,4,14,33,0,33,100:0,inf,0.43,False
algae + brick,1,1,0,10,4,6,10,25,0,25,100:0,inf,0.4,False
dust + earthquake,1,1,0,39,26,13,3,4,0,4,100:0,inf,1.0,False
energy + tobacco,1,0,1,19,8,11,5,0,9,9,0:100,0.0,1.0,False
stone + lava,1,1,0,35,20,15,3,5,0,5,100:0,inf,1.0,False
earthquake + hurricane,1,0,1,16,10,6,6,0,17,17,0:100,0.0,0.38,False
stone + geyser,1,1,0,11,4,7,9,25,0,25,100:0,inf,0.36,False
rain + geyser,1,0,1,31,20,11,3,0,9,9,0:100,0.0,0.35,False
stone + obsidian,1,0,1,20,11,9,5,0,11,11,0:100,0.0,0.45,False
obsidian + gunpowder,1,1,0,19,16,3,5,6,0,6,100:0,inf,1.0,False
gunpowder + rain,1,1,0,31,23,8,3,4,0,4,100:0,inf,1.0,False
gunpowder + geyser,1,1,0,12,10,2,8,10,0,10,100:0,inf,1.0,False
rain + energy,1,0,1,73,48,25,1,0,4,4,0:100,0.0,0.34,False
ash + obsidian,1,1,0,7,5,2,14,20,0,20,100:0,inf,1.0,False
ash + dust,1,1,0,12,7,5,8,14,0,14,100:0,inf,1.0,False
water + ash,1,0,1,15,10,5,7,0,20,20,0:100,0.0,0.33,False
obsidian + stone,1,1,0,20,11,9,5,9,0,9,100:0,inf,1.0,False
volcano + stone,1,0,1,13,8,5,8,0,20,20,0:100,0.0,0.38,False
energy + ash,1,0,1,15,10,5,7,0,20,20,0:100,0.0,0.33,False
volcano + dust,1,0,1,32,24,8,3,0,12,12,0:100,0.0,0.25,False
steam + air,1,0,1,93,64,29,1,0,3,3,0:100,0.0,0.31,True
air + volcano,1,0,1,44,32,12,2,0,8,8,0:100,0.0,0.27,False
cloud + volcano,1,1,0,16,12,4,6,8,0,8,100:0,inf,1.0,False
dust + cloud,1,0,1,26,18,8,4,0,12,12,0:100,0.0,0.31,False
sea + lava,1,0,1,26,18,8,4,0,12,12,0:100,0.0,0.31,False
dust + rain,1,0,1,62,40,22,2,0,5,5,0:100,0.0,0.35,False
gunpowder + fire,1,0,1,37,29,8,3,0,12,12,0:100,0.0,0.22,True
explosion + explosion,1,1,0,18,15,3,6,7,0,7,100:0,inf,1.0,False
explosion + fire,1,1,0,18,15,3,6,7,0,7,100:0,inf,1.0,False
city + explosion,1,1,0,2,1,1,50,100,0,100,100:0,inf,1.0,False
explosion + earth,1,1,0,18,15,3,6,7,0,7,100:0,inf,1.0,False
explosion + water,1,1,0,18,15,3,6,7,0,7,100:0,inf,1.0,False
explosion + mud,1,1,0,15,13,2,7,8,0,8,100:0,inf,1.0,False
explosion + ocean,1,1,0,4,3,1,25,33,0,33,100:0,inf,1.0,False
pressure + sky,1,1,0,8,7,1,12,14,0,14,100:0,inf,1.0,True
wall + house,1,1,0,7,5,2,14,20,0,20,100:0,inf,1.0,False
brick + rain,1,1,0,42,28,14,2,4,0,4,100:0,inf,1.0,False
wind + storm,1,0,1,4,2,2,25,0,50,50,0:100,0.0,1.0,False
energy + storm,1,1,0,9,7,2,11,14,0,14,100:0,inf,1.0,False
storm + lava,1,0,1,8,6,2,12,0,50,50,0:100,0.0,0.25,False
fire + granite,1,1,0,6,4,2,17,25,0,25,100:0,inf,1.0,False
granite + sea,1,1,0,3,3,0,33,33,0,33,100:0,nan,1.0,False
ocean + lava,1,1,0,11,7,4,9,14,0,14,100:0,inf,1.0,False
ocean + energy,1,1,0,13,8,5,8,12,0,12,100:0,inf,1.0,False
cloud + ocean,1,1,0,4,3,1,25,33,0,33,100:0,inf,1.0,False
storm + storm,1,1,0,9,7,2,11,14,0,14,100:0,inf,1.0,False
wall + ocean,1,1,0,6,4,2,17,25,0,25,100:0,inf,1.0,False
energy + house,1,1,0,6,4,2,17,25,0,25,100:0,inf,1.0,False
village + wind,1,1,0,3,2,1,33,50,0,50,100:0,inf,1.0,False
earthquake + dust,1,0,1,39,26,13,3,0,8,8,0:100,0.0,0.33,False
dust + steam,1,0,1,69,45,24,1,0,4,4,0:100,0.0,0.35,False
water + earthquake,1,0,1,49,33,16,2,0,6,6,0:100,0.0,0.33,False
energy + mountain,1,1,0,19,16,3,5,6,0,6,100:0,inf,1.0,False
earthquake + obsidian,1,1,0,27,18,9,4,6,0,6,100:0,inf,1.0,False
fire + mountain,1,1,0,19,16,3,5,6,0,6,100:0,inf,1.0,True
earthquake + steam,1,1,0,47,31,16,2,3,0,3,100:0,inf,1.0,False
obsidian + river,1,1,0,4,3,1,25,33,0,33,100:0,inf,1.0,False
hurricane + steam,1,0,1,19,10,9,5,0,11,11,0:100,0.0,0.47,False
water + salt,1,0,1,11,7,4,9,0,25,25,0:100,0.0,0.36,False
hurricane + salt,1,1,0,3,1,2,33,100,0,100,100:0,inf,0.33,False
dust + hurricane,1,0,1,13,6,7,8,0,14,14,0:100,0.0,1.0,False
gunpowder + explosion,1,1,0,18,15,3,6,7,0,7,100:0,inf,1.0,False
atomic bomb + water,1,1,0,7,6,1,14,17,0,17,100:0,inf,1.0,False
atomic bomb + energy,1,1,0,7,6,1,14,17,0,17,100:0,inf,1.0,False
mud + explosion,1,1,0,15,13,2,7,8,0,8,100:0,inf,1.0,False
atomic bomb + salt,1,1,0,1,1,0,100,100,0,100,100:0,nan,1.0,False
gunpowder + obsidian,1,1,0,19,16,3,5,6,0,6,100:0,inf,1.0,False
sea + wind,1,0,1,11,7,4,9,0,25,25,0:100,0.0,0.36,True
wave + water,1,1,0,4,2,2,25,50,0,50,100:0,inf,1.0,False
wave + wind,1,1,0,4,2,2,25,50,0,50,100:0,inf,1.0,False
earth + wave,1,1,0,4,2,2,25,50,0,50,100:0,inf,1.0,True
air + fog,1,1,0,6,4,2,17,25,0,25,100:0,inf,1.0,False
geyser + earth,1,0,1,35,22,13,3,0,8,8,0:100,0.0,0.37,False
explosion + fog,1,1,0,1,1,0,100,100,0,100,100:0,nan,1.0,False
fog + cloud,1,0,1,6,4,2,17,0,50,50,0:100,0.0,0.33,False
water + ocean,1,0,1,15,10,5,7,0,20,20,0:100,0.0,0.33,False
ocean + fog,1,1,0,1,1,0,100,100,0,100,100:0,nan,1.0,False
fog + water,1,1,0,6,4,2,17,25,0,25,100:0,inf,1.0,False
rain + pressure,1,1,0,32,24,8,3,4,0,4,100:0,inf,1.0,False
pressure + lava,1,1,0,31,22,9,3,5,0,5,100:0,inf,1.0,True
plant + mud,1,0,1,30,15,15,3,0,7,7,0:100,0.0,1.0,True
swamp + rain,1,0,1,10,5,5,10,0,20,20,0:100,0.0,1.0,False
swamp + fire,1,0,1,10,5,5,10,0,20,20,0:100,0.0,1.0,False
swamp + geyser,1,1,0,5,3,2,20,33,0,33,100:0,inf,1.0,False
swamp + air,1,1,0,10,5,5,10,20,0,20,100:0,inf,1.0,False
swamp + plant,1,0,1,10,5,5,10,0,20,20,0:100,0.0,1.0,False
plant + lava,1,1,0,34,20,14,3,5,0,5,100:0,inf,1.0,False
swamp + dust,1,1,0,6,3,3,17,33,0,33,100:0,inf,1.0,False
brick + swamp,1,0,1,5,2,3,20,0,33,33,0:100,0.0,1.0,False
grass + obsidian,1,1,0,10,7,3,10,14,0,14,100:0,inf,1.0,False
lava + sand,1,1,0,11,5,6,9,20,0,20,100:0,inf,0.45,False
sand + obsidian,1,1,0,6,3,3,17,33,0,33,100:0,inf,1.0,False
air + explosion,1,1,0,18,15,3,6,7,0,7,100:0,inf,1.0,False
explosion + stone,1,1,0,3,3,0,33,33,0,33,100:0,nan,1.0,False
explosion + obsidian,1,1,0,7,7,0,14,14,0,14,100:0,nan,1.0,False
geyser + gunpowder,1,1,0,12,10,2,8,10,0,10,100:0,inf,1.0,False
dust + geyser,1,1,0,22,13,9,5,8,0,8,100:0,inf,1.0,False
metal + explosion,1,1,0,3,3,0,33,33,0,33,100:0,nan,1.0,True
grenade + explosion,1,1,0,2,2,0,50,50,0,50,100:0,nan,1.0,False
grenade + stone,1,1,0,2,2,0,50,50,0,50,100:0,nan,1.0,False
grenade + earth,1,1,0,2,2,0,50,50,0,50,100:0,nan,1.0,False
dust + metal,1,1,0,11,7,4,9,14,0,14,100:0,inf,1.0,False
geyser + metal,1,1,0,5,2,3,20,50,0,50,100:0,inf,0.4,False
gunpowder + metal,1,1,0,6,5,1,17,20,0,20,100:0,inf,1.0,True
metal + bullet,1,1,0,4,3,1,25,33,0,33,100:0,inf,1.0,True
lava + gun,1,1,0,3,3,0,33,33,0,33,100:0,nan,1.0,False
metal + gun,1,1,0,3,3,0,33,33,0,33,100:0,nan,1.0,False
explosion + dust,1,1,0,18,15,3,6,7,0,7,100:0,inf,1.0,False
earth + bullet,1,1,0,4,3,1,25,33,0,33,100:0,inf,1.0,False
bullet + fire,1,1,0,4,3,1,25,33,0,33,100:0,inf,1.0,False
gunpowder + gun,1,1,0,3,3,0,33,33,0,33,100:0,nan,1.0,False
grass + stone,1,1,0,6,4,2,17,25,0,25,100:0,inf,1.0,False
boiler + obsidian,1,1,0,2,2,0,50,50,0,50,100:0,nan,1.0,False
obsidian + energy,1,0,1,45,31,14,2,0,7,7,0:100,0.0,0.31,False
lava + steam,1,0,1,84,58,26,1,0,4,4,0:100,0.0,0.31,False
obsidian + steam,1,0,1,51,36,15,2,0,7,7,0:100,0.0,0.29,False
earthquake + lava,1,0,1,43,28,15,2,0,7,7,0:100,0.0,0.35,False
earthquake + geyser,1,1,0,15,8,7,7,12,0,12,100:0,inf,1.0,False
obsidian + earthquake,1,0,1,27,18,9,4,0,11,11,0:100,0.0,0.33,False
steam + earthquake,1,1,0,47,31,16,2,3,0,3,100:0,inf,1.0,False
geyser + ash,1,1,0,4,4,0,25,25,0,25,100:0,nan,1.0,False
energy + gunpowder,1,0,1,30,22,8,3,0,12,12,0:100,0.0,0.27,False
gunpowder + earthquake,1,1,0,20,14,6,5,7,0,7,100:0,inf,1.0,False
gunpowder + ash,1,1,0,2,2,0,50,50,0,50,100:0,nan,1.0,False
earthquake + rain,1,0,1,43,27,16,2,0,6,6,0:100,0.0,0.37,False
earthquake + mud,1,1,0,41,27,14,2,4,0,4,100:0,inf,1.0,False
pressure + air,1,0,1,38,27,11,3,0,9,9,0:100,0.0,0.29,True
pressure + steam,1,0,1,35,25,10,3,0,10,10,0:100,0.0,0.29,False
earth + atmosphere,1,0,1,14,9,5,7,0,20,20,0:100,0.0,0.36,False
atmosphere + sky,1,1,0,5,4,1,20,25,0,25,100:0,inf,1.0,False
atmosphere + energy,1,0,1,10,6,4,10,0,25,25,0:100,0.0,0.4,False
sky + energy,1,1,0,14,11,3,7,9,0,9,100:0,inf,1.0,False
atmosphere + earthquake,1,1,0,4,3,1,25,33,0,33,100:0,inf,1.0,False
pressure + earthquake,1,1,0,15,11,4,7,9,0,9,100:0,inf,1.0,False
river + mud,1,1,0,9,8,1,11,12,0,12,100:0,inf,1.0,False
steam + plant,1,0,1,36,21,15,3,0,7,7,0:100,0.0,0.42,False
rain + tobacco,1,0,1,24,11,13,4,0,8,8,0:100,0.0,1.0,False
volcano + plant,1,1,0,17,10,7,6,10,0,10,100:0,inf,1.0,False
fire + tobacco,1,0,1,24,11,13,4,0,8,8,0:100,0.0,1.0,False
plant + storm,1,1,0,4,3,1,25,33,0,33,100:0,inf,1.0,False
rain + storm,1,1,0,9,7,2,11,14,0,14,100:0,inf,1.0,False
storm + volcano,1,1,0,5,3,2,20,33,0,33,100:0,inf,1.0,False
storm + energy,1,1,0,9,7,2,11,14,0,14,100:0,inf,1.0,False
water + grass,1,0,1,21,12,9,5,0,11,11,0:100,0.0,0.43,True
dew + fire,1,0,1,8,2,6,12,0,17,17,0:100,0.0,1.0,False
energy + dew,1,1,0,6,2,4,17,50,0,50,100:0,inf,0.33,False
sky + wind,1,1,0,4,2,2,25,50,0,50,100:0,inf,1.0,False
wind + cloud,1,0,1,11,5,6,9,0,17,17,0:100,0.0,1.0,False
explosion + energy,1,0,1,13,10,3,8,0,33,33,0:100,0.0,0.23,True
explosion + atomic bomb,1,1,0,7,6,1,14,17,0,17,100:0,inf,1.0,False
plant + explosion,1,1,0,6,4,2,17,25,0,25,100:0,inf,1.0,False
atomic bomb + fire,1,1,0,7,6,1,14,17,0,17,100:0,inf,1.0,False
explosion + rain,1,1,0,16,13,3,6,8,0,8,100:0,inf,1.0,False
explosion + steam,1,1,0,17,14,3,6,7,0,7,100:0,inf,1.0,False
sky + rain,1,1,0,17,15,2,6,7,0,7,100:0,inf,1.0,False
mountain + mud,1,1,0,15,13,2,7,8,0,8,100:0,inf,1.0,False
mountain + ash,1,1,0,4,4,0,25,25,0,25,100:0,nan,1.0,False
fire + ash,1,1,0,15,10,5,7,10,0,10,100:0,inf,1.0,False
ash + rain,1,0,1,13,8,5,8,0,20,20,0:100,0.0,0.38,False
rain + algae,1,0,1,23,14,9,4,0,11,11,0:100,0.0,0.39,False
energy + algae,1,0,1,19,12,7,5,0,14,14,0:100,0.0,0.37,False
steam + algae,1,1,0,22,14,8,5,7,0,7,100:0,inf,1.0,False
mountain + rain,1,1,0,17,14,3,6,7,0,7,100:0,inf,1.0,True
plant + river,1,1,0,4,3,1,25,33,0,33,100:0,inf,1.0,False
steam + river,1,0,1,11,9,2,9,0,50,50,0:100,0.0,0.18,False
volcano + river,1,1,0,7,5,2,14,20,0,20,100:0,inf,1.0,False
mud + river,1,1,0,9,8,1,11,12,0,12,100:0,inf,1.0,False
mud + plant,1,0,1,30,15,15,3,0,7,7,0:100,0.0,1.0,True
energy + swamp,1,1,0,6,2,4,17,50,0,50,100:0,inf,0.33,True
river + life,1,1,0,1,1,0,100,100,0,100,100:0,nan,1.0,False
mountain + life,1,1,0,1,1,0,100,100,0,100,100:0,nan,1.0,False
life + earth,1,1,0,1,1,0,100,100,0,100,100:0,nan,1.0,True
storm + fire,1,1,0,9,7,2,11,14,0,14,100:0,inf,1.0,False
atomic bomb + explosion,1,1,0,7,6,1,14,17,0,17,100:0,inf,1.0,False
atomic bomb + storm,1,1,0,2,2,0,50,50,0,50,100:0,nan,1.0,False
sky + earth,1,0,1,18,15,3,6,0,33,33,0:100,0.0,0.17,True
horizon + earth,1,1,0,4,2,2,25,50,0,50,100:0,inf,1.0,False
atomic bomb + steam,1,1,0,6,5,1,17,20,0,20,100:0,inf,1.0,False
cloud + sky,1,1,0,18,15,3,6,7,0,7,100:0,inf,1.0,False
horizon + brick,1,1,0,2,1,1,50,100,0,100,100:0,inf,1.0,False
atomic bomb + earthquake,1,1,0,2,2,0,50,50,0,50,100:0,nan,1.0,False
brick + gunpowder,1,1,0,18,13,5,6,8,0,8,100:0,inf,1.0,False
storm + rain,1,0,1,9,7,2,11,0,50,50,0:100,0.0,0.22,False
atomic bomb + mud,1,1,0,6,5,1,17,20,0,20,100:0,inf,1.0,False
water + atomic bomb,1,1,0,7,6,1,14,17,0,17,100:0,inf,1.0,False
atomic bomb + earth,1,1,0,7,6,1,14,17,0,17,100:0,inf,1.0,False
atomic bomb + cloud,1,1,0,3,3,0,33,33,0,33,100:0,nan,1.0,False
horizon + sky,1,1,0,4,2,2,25,50,0,50,100:0,inf,1.0,False
water + explosion,1,1,0,18,15,3,6,7,0,7,100:0,inf,1.0,False
rain + dust,1,0,1,62,40,22,2,0,5,5,0:100,0.0,0.35,False
sky + storm,1,1,0,2,2,0,50,50,0,50,100:0,nan,1.0,False
sky + earthquake,1,1,0,5,4,1,20,25,0,25,100:0,inf,1.0,False
energy + mud,1,0,1,70,46,24,1,0,4,4,0:100,0.0,0.34,False
earthquake + wind,1,0,1,28,18,10,4,0,10,10,0:100,0.0,0.36,False
geyser + earthquake,1,1,0,15,8,7,7,12,0,12,100:0,inf,1.0,False
gunpowder + brick,1,1,0,18,13,5,6,8,0,8,100:0,inf,1.0,False
gunpowder + earth,1,0,1,37,29,8,3,0,12,12,0:100,0.0,0.22,False
rain + gunpowder,1,1,0,31,23,8,3,4,0,4,100:0,inf,1.0,False
sky + lava,1,0,1,16,13,3,6,0,33,33,0:100,0.0,0.19,False
steam + sky,1,1,0,18,15,3,6,7,0,7,100:0,inf,1.0,False
energy + sky,1,1,0,14,11,3,7,9,0,9,100:0,inf,1.0,False
water + garden,1,0,1,10,6,4,10,0,25,25,0:100,0.0,0.4,True
air + pond,1,1,0,2,1,1,50,100,0,100,100:0,inf,1.0,False
fire + garden,1,1,0,10,6,4,10,17,0,17,100:0,inf,1.0,False
pond + energy,1,0,1,2,1,1,50,0,100,100,0:100,0.0,1.0,False
salt + water,1,0,1,11,7,4,9,0,25,25,0:100,0.0,0.36,False
earth + pressure,1,0,1,38,27,11,3,0,9,9,0:100,0.0,0.29,False
pond + rain,1,1,0,2,1,1,50,100,0,100,100:0,inf,1.0,False
garden + rain,1,0,1,10,6,4,10,0,25,25,0:100,0.0,0.4,False
cloud + garden,1,1,0,4,2,2,25,50,0,50,100:0,inf,1.0,False
sky + fire,1,1,0,18,15,3,6,7,0,7,100:0,inf,1.0,True
grass + grass,1,0,1,21,12,9,5,0,11,11,0:100,0.0,0.43,False
garden + plant,1,1,0,10,6,4,10,17,0,17,100:0,inf,1.0,True
flower + garden,1,1,0,3,3,0,33,33,0,33,100:0,nan,1.0,False
sky + sun,1,1,0,4,3,1,25,33,0,33,100:0,inf,1.0,True
sky + day,1,1,0,2,2,0,50,50,0,50,100:0,nan,1.0,False
sun + day,1,1,0,2,2,0,50,50,0,50,100:0,nan,1.0,False
energy + day,1,1,0,1,1,0,100,100,0,100,100:0,nan,1.0,False
day + cloud,1,1,0,2,2,0,50,50,0,50,100:0,nan,1.0,False
garden + day,1,1,0,1,1,0,100,100,0,100,100:0,nan,1.0,False
rain + day,1,1,0,2,2,0,50,50,0,50,100:0,nan,1.0,False
plant + day,1,1,0,2,2,0,50,50,0,50,100:0,nan,1.0,False
day + lava,1,1,0,2,2,0,50,50,0,50,100:0,nan,1.0,False
pressure + pond,1,1,0,2,1,1,50,100,0,100,100:0,inf,1.0,False
steam + sun,1,1,0,4,3,1,25,33,0,33,100:0,inf,1.0,False
earth + river,1,1,0,11,9,2,9,11,0,11,100:0,inf,1.0,False
metal + energy,1,0,1,13,7,6,8,0,17,17,0:100,0.0,0.46,True
fire + river,1,1,0,11,9,2,9,11,0,11,100:0,inf,1.0,False
dust + electricity,1,1,0,5,2,3,20,50,0,50,100:0,inf,0.4,False
atmosphere + earth,1,0,1,14,9,5,7,0,20,20,0:100,0.0,0.36,False
pressure + geyser,1,1,0,9,5,4,11,20,0,20,100:0,inf,1.0,False
rain + flood,1,1,0,8,7,1,12,14,0,14,100:0,inf,1.0,False
geyser + flood,1,1,0,3,2,1,33,50,0,50,100:0,inf,1.0,False
volcano + flood,1,1,0,3,2,1,33,50,0,50,100:0,inf,1.0,False
water + atmosphere,1,0,1,14,9,5,7,0,20,20,0:100,0.0,0.36,False
flood + energy,1,1,0,6,5,1,17,20,0,20,100:0,inf,1.0,False
earth + dew,1,0,1,8,2,6,12,0,17,17,0:100,0.0,1.0,False
dust + grass,1,1,0,14,6,8,7,17,0,17,100:0,inf,0.43,False
dew + water,1,0,1,8,2,6,12,0,17,17,0:100,0.0,1.0,False
grass + dew,1,1,0,8,2,6,12,50,0,50,100:0,inf,0.25,False
plant + wind,1,1,0,16,7,9,6,14,0,14,100:0,inf,0.44,False
algae + steam,1,1,0,22,14,8,5,7,0,7,100:0,inf,1.0,False
air + grass,1,0,1,21,12,9,5,0,11,11,0:100,0.0,0.43,False
gunpowder + plant,1,1,0,12,7,5,8,14,0,14,100:0,inf,1.0,False
gunpowder + wind,1,1,0,12,8,4,8,12,0,12,100:0,inf,1.0,False
brick + air,1,0,1,49,33,16,2,0,6,6,0:100,0.0,0.33,False
brick + mud,1,0,1,49,33,16,2,0,6,6,0:100,0.0,0.33,False
stone + cloud,1,1,0,13,9,4,8,11,0,11,100:0,inf,1.0,False
ash + volcano,1,1,0,15,10,5,7,10,0,10,100:0,inf,1.0,False
pressure + obsidian,1,1,0,21,14,7,5,7,0,7,100:0,inf,1.0,False
lava + cloud,1,1,0,32,23,9,3,4,0,4,100:0,inf,1.0,False
lava + ash,1,1,0,14,9,5,7,11,0,11,100:0,inf,1.0,False
ash + air,1,0,1,15,10,5,7,0,20,20,0:100,0.0,0.33,False
rain + stone,1,0,1,31,18,13,3,0,8,8,0:100,0.0,0.42,False
storm + water,1,0,1,9,7,2,11,0,50,50,0:100,0.0,0.22,False
algae + cloud,1,1,0,8,5,3,12,20,0,20,100:0,inf,1.0,False
cloud + plant,1,1,0,12,7,5,8,14,0,14,100:0,inf,1.0,True
cotton + water,1,1,0,2,1,1,50,100,0,100,100:0,inf,1.0,False
cotton + cloud,1,1,0,2,1,1,50,100,0,100,100:0,inf,1.0,False
cotton + lava,1,0,1,2,1,1,50,0,100,100,0:100,0.0,1.0,False
earth + storm,1,1,0,9,7,2,11,14,0,14,100:0,inf,1.0,False
algae + cotton,1,1,0,2,1,1,50,100,0,100,100:0,inf,1.0,False
brick + cotton,1,1,0,1,1,0,100,100,0,100,100:0,nan,1.0,False
algae + stone,1,1,0,6,4,2,17,25,0,25,100:0,inf,1.0,True
moss + air,1,1,0,2,2,0,50,50,0,50,100:0,nan,1.0,False
brick + moss,1,1,0,1,1,0,100,100,0,100,100:0,nan,1.0,False
fire + moss,1,1,0,2,2,0,50,50,0,50,100:0,nan,1.0,False
rain + plant,1,0,1,38,22,16,3,0,6,6,0:100,0.0,0.42,False
plant + tobacco,1,1,0,24,11,13,4,9,0,9,100:0,inf,0.46,False
energy + grass,1,0,1,15,8,7,7,0,14,14,0:100,0.0,0.47,False
gunpowder + grass,1,1,0,9,4,5,11,25,0,25,100:0,inf,0.44,False
grass + air,1,0,1,21,12,9,5,0,11,11,0:100,0.0,0.43,False
grass + lava,1,1,0,19,12,7,5,8,0,8,100:0,inf,1.0,False
tobacco + dust,1,1,0,17,7,10,6,14,0,14,100:0,inf,0.41,False
tobacco + steam,1,1,0,23,11,12,4,9,0,9,100:0,inf,0.48,False
volcano + grass,1,1,0,8,5,3,12,20,0,20,100:0,inf,1.0,False
grass + mountain,1,1,0,4,2,2,25,50,0,50,100:0,inf,1.0,False
gunpowder + mountain,1,1,0,8,6,2,12,17,0,17,100:0,inf,1.0,False
algae + earth,1,0,1,23,14,9,4,0,11,11,0:100,0.0,0.39,False
earthquake + algae,1,1,0,9,5,4,11,20,0,20,100:0,inf,1.0,False
mountain + algae,1,1,0,5,3,2,20,33,0,33,100:0,inf,1.0,False
air + garden,1,0,1,10,6,4,10,0,25,25,0:100,0.0,0.4,False
grass + flower,1,1,0,2,2,0,50,50,0,50,100:0,nan,1.0,False
rain + flower,1,1,0,3,3,0,33,33,0,33,100:0,nan,1.0,False
grass + garden,1,1,0,6,4,2,17,25,0,25,100:0,inf,1.0,False
flower + plant,1,1,0,3,3,0,33,33,0,33,100:0,nan,1.0,False
geyser + garden,1,1,0,4,2,2,25,50,0,50,100:0,inf,1.0,False
geyser + flower,1,1,0,1,1,0,100,100,0,100,100:0,nan,1.0,False
earth + flower,1,1,0,3,3,0,33,33,0,33,100:0,nan,1.0,False
earthquake + stone,1,0,1,17,11,6,6,0,17,17,0:100,0.0,0.35,False
mountain + stone,1,1,0,3,3,0,33,33,0,33,100:0,nan,1.0,False
mountain + plant,1,1,0,7,5,2,14,20,0,20,100:0,inf,1.0,False
earth + garden,1,1,0,10,6,4,10,17,0,17,100:0,inf,1.0,False
cloud + stone,1,1,0,13,9,4,8,11,0,11,100:0,inf,1.0,False
dust + stone,1,1,0,26,15,11,4,7,0,7,100:0,inf,1.0,False
dust + brick,1,0,1,36,25,11,3,0,9,9,0:100,0.0,0.31,False
mud + gunpowder,1,1,0,29,23,6,3,4,0,4,100:0,inf,1.0,False
metal + obsidian,1,1,0,9,5,4,11,20,0,20,100:0,inf,1.0,False
metal + gunpowder,1,0,1,6,5,1,17,0,100,100,0:100,0.0,0.17,True
brick + bullet,1,1,0,2,1,1,50,100,0,100,100:0,inf,1.0,False
bullet + metal,1,1,0,4,3,1,25,33,0,33,100:0,inf,1.0,True
gun + metal,1,1,0,3,3,0,33,33,0,33,100:0,nan,1.0,False
metal + brick,1,1,0,8,3,5,12,33,0,33,100:0,inf,0.38,False
water + bullet,1,1,0,4,3,1,25,33,0,33,100:0,inf,1.0,False
bullet + gun,1,1,0,3,3,0,33,33,0,33,100:0,nan,1.0,False
air + bullet,1,1,0,4,3,1,25,33,0,33,100:0,inf,1.0,False
metal + stone,1,0,1,16,9,7,6,0,14,14,0:100,0.0,0.44,True
lava + flood,1,1,0,7,6,1,14,17,0,17,100:0,inf,1.0,False
atmosphere + tobacco,1,1,0,3,2,1,33,50,0,50,100:0,inf,1.0,False
flood + atmosphere,1,1,0,4,4,0,25,25,0,25,100:0,nan,1.0,False
atmosphere + plant,1,1,0,4,2,2,25,50,0,50,100:0,inf,1.0,False
atmosphere + obsidian,1,1,0,8,5,3,12,20,0,20,100:0,inf,1.0,False
stone + storm,1,1,0,4,3,1,25,33,0,33,100:0,inf,1.0,False
dust + plant,1,1,0,25,13,12,4,8,0,8,100:0,inf,1.0,False
tobacco + stone,1,1,0,6,2,4,17,50,0,50,100:0,inf,0.33,False
atmosphere + garden,1,1,0,3,1,2,33,100,0,100,100:0,inf,0.33,False
garden + algae,1,1,0,5,3,2,20,33,0,33,100:0,inf,1.0,False
hurricane + lava,1,1,0,17,9,8,6,11,0,11,100:0,inf,1.0,False
pressure + mud,1,0,1,30,19,11,3,0,9,9,0:100,0.0,0.37,False
steam + sea,1,0,1,30,21,9,3,0,11,11,0:100,0.0,0.3,False
stone + rain,1,0,1,31,18,13,3,0,8,8,0:100,0.0,0.42,False
stone + wind,1,1,0,17,9,8,6,11,0,11,100:0,inf,1.0,True
sand + sand,1,1,0,11,5,6,9,20,0,20,100:0,inf,0.45,True
air + desert,1,1,0,1,1,0,100,100,0,100,100:0,nan,1.0,False
desert + flood,1,1,0,1,1,0,100,100,0,100,100:0,nan,1.0,False
rain + sand,1,1,0,10,5,5,10,20,0,20,100:0,inf,1.0,False
wall + fire,1,1,0,14,10,4,7,10,0,10,100:0,inf,1.0,False
air + sky,1,1,0,18,15,3,6,7,0,7,100:0,inf,1.0,False
gunpowder + pressure,1,1,0,12,10,2,8,10,0,10,100:0,inf,1.0,False
cloud + brick,1,1,0,17,13,4,6,8,0,8,100:0,inf,1.0,False
sand + water,1,0,1,11,5,6,9,0,17,17,0:100,0.0,1.0,True
beach + energy,1,1,0,3,2,1,33,50,0,50,100:0,inf,1.0,False
beach + beach,1,1,0,3,2,1,33,50,0,50,100:0,inf,1.0,False
sky + beach,1,1,0,1,1,0,100,100,0,100,100:0,nan,1.0,False
sky + steam,1,1,0,18,15,3,6,7,0,7,100:0,inf,1.0,False
beach + fire,1,1,0,3,2,1,33,50,0,50,100:0,inf,1.0,False
mud + sand,1,1,0,9,5,4,11,20,0,20,100:0,inf,1.0,True
clay + beach,1,1,0,1,1,0,100,100,0,100,100:0,nan,1.0,False
cloud + clay,1,1,0,1,1,0,100,100,0,100,100:0,nan,1.0,False
dust + clay,1,1,0,2,1,1,50,100,0,100,100:0,inf,1.0,False
air + clay,1,1,0,2,1,1,50,100,0,100,100:0,inf,1.0,False
clay + lava,1,1,0,2,1,1,50,100,0,100,100:0,inf,1.0,False
brick + clay,1,0,1,2,1,1,50,0,100,100,0:100,0.0,1.0,False
beach + brick,1,1,0,1,1,0,100,100,0,100,100:0,nan,1.0,False
energy + cloud,1,0,1,27,19,8,4,0,12,12,0:100,0.0,0.3,True
water + storm,1,1,0,9,7,2,11,14,0,14,100:0,inf,1.0,False
storm + dust,1,1,0,4,3,1,25,33,0,33,100:0,inf,1.0,False
explosion + cloud,1,1,0,9,8,1,11,12,0,12,100:0,inf,1.0,False
storm + explosion,1,1,0,2,2,0,50,50,0,50,100:0,nan,1.0,False
explosion + geyser,1,1,0,4,4,0,25,25,0,25,100:0,nan,1.0,False
rain + sea,1,1,0,26,18,8,4,6,0,6,100:0,inf,1.0,False
pressure + granite,1,1,0,6,4,2,17,25,0,25,100:0,inf,1.0,False
granite + energy,1,0,1,4,2,2,25,0,50,50,0:100,0.0,1.0,False
ocean + flood,1,1,0,4,3,1,25,33,0,33,100:0,inf,1.0,False
granite + granite,1,1,0,6,4,2,17,25,0,25,100:0,inf,1.0,False
dust + flood,1,1,0,3,3,0,33,33,0,33,100:0,nan,1.0,False
mud + granite,1,1,0,5,3,2,20,33,0,33,100:0,inf,1.0,False
granite + lava,1,1,0,6,4,2,17,25,0,25,100:0,inf,1.0,False
sea + ocean,1,1,0,15,10,5,7,10,0,10,100:0,inf,1.0,False
granite + ocean,1,1,0,3,3,0,33,33,0,33,100:0,nan,1.0,False
lava + sea,1,0,1,26,18,8,4,0,12,12,0:100,0.0,0.31,False
sea + mud,1,1,0,25,15,10,4,7,0,7,100:0,inf,1.0,False
sea + energy,1,1,0,27,19,8,4,5,0,5,100:0,inf,1.0,False
flood + lava,1,1,0,7,6,1,14,17,0,17,100:0,inf,1.0,False
brick + river,1,1,0,5,4,1,20,25,0,25,100:0,inf,1.0,False
dust + mountain,1,1,0,13,10,3,8,10,0,10,100:0,inf,1.0,False
metal + lava,1,0,1,16,9,7,6,0,14,14,0:100,0.0,0.44,False
metal + fire,1,0,1,16,9,7,6,0,14,14,0:100,0.0,0.44,False
explosion + bullet,1,1,0,2,2,0,50,50,0,50,100:0,nan,1.0,False
gun + bullet,1,1,0,3,3,0,33,33,0,33,100:0,nan,1.0,False
gun + stone,1,1,0,3,3,0,33,33,0,33,100:0,nan,1.0,False
water + gun,1,1,0,3,3,0,33,33,0,33,100:0,nan,1.0,True
fire + water gun,1,1,0,1,1,0,100,100,0,100,100:0,nan,1.0,False
gun + grenade,1,1,0,2,2,0,50,50,0,50,100:0,nan,1.0,False
grenade + water gun,1,1,0,1,1,0,100,100,0,100,100:0,nan,1.0,False
grenade + fire,1,1,0,2,2,0,50,50,0,50,100:0,nan,1.0,False
air + grenade,1,1,0,2,2,0,50,50,0,50,100:0,nan,1.0,False
grenade + dust,1,1,0,2,2,0,50,50,0,50,100:0,nan,1.0,False
grenade + bullet,1,1,0,2,2,0,50,50,0,50,100:0,nan,1.0,False
grenade + water,1,1,0,2,2,0,50,50,0,50,100:0,nan,1.0,False
bullet + water gun,1,1,0,1,1,0,100,100,0,100,100:0,nan,1.0,False
grenade + metal,1,1,0,2,2,0,50,50,0,50,100:0,nan,1.0,False
water gun + stone,1,1,0,1,1,0,100,100,0,100,100:0,nan,1.0,False
stone + explosion,1,1,0,3,3,0,33,33,0,33,100:0,nan,1.0,False
water gun + gunpowder,1,1,0,1,1,0,100,100,0,100,100:0,nan,1.0,False
lava + grenade,1,1,0,2,2,0,50,50,0,50,100:0,nan,1.0,False
bullet + stone,1,1,0,4,3,1,25,33,0,33,100:0,inf,1.0,False
dust + water gun,1,1,0,1,1,0,100,100,0,100,100:0,nan,1.0,False
gun + energy,1,1,0,1,1,0,100,100,0,100,100:0,nan,1.0,False
bullet + atomic bomb,1,1,0,1,1,0,100,100,0,100,100:0,nan,1.0,False
cloud + pressure,1,1,0,15,12,3,7,8,0,8,100:0,inf,1.0,False
obsidian + cloud,1,1,0,14,11,3,7,9,0,9,100:0,inf,1.0,False
atmosphere + volcano,1,1,0,4,4,0,25,25,0,25,100:0,nan,1.0,False
cloud + atmosphere,1,1,0,9,6,3,11,17,0,17,100:0,inf,1.0,False
obsidian + atmosphere,1,1,0,8,5,3,12,20,0,20,100:0,inf,1.0,False
gunpowder + air,1,0,1,37,29,8,3,0,12,12,0:100,0.0,0.22,False
steam + gunpowder,1,1,0,35,27,8,3,4,0,4,100:0,inf,1.0,False
mud + sea,1,1,0,25,15,10,4,7,0,7,100:0,inf,1.0,False
sea + dust,1,0,1,21,14,7,5,0,14,14,0:100,0.0,0.33,False
earthquake + sea,1,1,0,12,8,4,8,12,0,12,100:0,inf,1.0,True
earthquake + tsunami,1,0,1,4,3,1,25,0,100,100,0:100,0.0,0.25,False
tsunami + fire,1,1,0,4,3,1,25,33,0,33,100:0,inf,1.0,False
salt + sea,1,0,1,11,7,4,9,0,25,25,0:100,0.0,0.36,False
air + salt,1,0,1,11,7,4,9,0,25,25,0:100,0.0,0.36,False
air + tsunami,1,1,0,4,3,1,25,33,0,33,100:0,inf,1.0,False
energy + tsunami,1,0,1,4,3,1,25,0,100,100,0:100,0.0,0.25,False
lava + tsunami,1,1,0,2,1,1,50,100,0,100,100:0,inf,1.0,False
stone + sea,1,1,0,9,5,4,11,20,0,20,100:0,inf,1.0,False
mud + earthquake,1,0,1,41,27,14,2,0,7,7,0:100,0.0,0.34,False
plant + dust,1,0,1,25,13,12,4,0,8,8,0:100,0.0,0.48,False
plant + obsidian,1,0,1,20,13,7,5,0,14,14,0:100,0.0,0.35,False
plant + stone,1,1,0,12,7,5,8,14,0,14,100:0,inf,1.0,True
moss + water,1,1,0,2,2,0,50,50,0,50,100:0,nan,1.0,False
moss + moss,1,1,0,2,2,0,50,50,0,50,100:0,nan,1.0,False
pressure + wind,1,1,0,15,9,6,7,11,0,11,100:0,inf,1.0,False
energy + metal,1,0,1,13,7,6,8,0,17,17,0:100,0.0,0.46,True
gunpowder + hurricane,1,1,0,6,4,2,17,25,0,25,100:0,inf,1.0,False
ocean + pressure,1,0,1,14,9,5,7,0,20,20,0:100,0.0,0.36,False
tsunami + tsunami,1,0,1,4,3,1,25,0,100,100,0:100,0.0,0.25,False
tsunami + wind,1,1,0,1,1,0,100,100,0,100,100:0,nan,1.0,False
hurricane + tsunami,1,1,0,1,1,0,100,100,0,100,100:0,nan,1.0,False
pressure + tsunami,1,1,0,4,3,1,25,33,0,33,100:0,inf,1.0,False
fire + tsunami,1,1,0,4,3,1,25,33,0,33,100:0,inf,1.0,False
water + tsunami,1,1,0,4,3,1,25,33,0,33,100:0,inf,1.0,False
tsunami + earth,1,1,0,4,3,1,25,33,0,33,100:0,inf,1.0,False
atmosphere + fire,1,0,1,14,9,5,7,0,20,20,0:100,0.0,0.36,False
tsunami + energy,1,1,0,4,3,1,25,33,0,33,100:0,inf,1.0,False
wave + wave,1,0,1,4,2,2,25,0,50,50,0:100,0.0,1.0,False
tsunami + wave,1,1,0,1,1,0,100,100,0,100,100:0,nan,1.0,False
wave + gunpowder,1,1,0,2,2,0,50,50,0,50,100:0,nan,1.0,False
wave + earth,1,1,0,4,2,2,25,50,0,50,100:0,inf,1.0,True
hurricane + earth,1,0,1,20,11,9,5,0,11,11,0:100,0.0,0.45,False
sea + water,1,0,1,32,22,10,3,0,10,10,0:100,0.0,0.31,True
ocean + fire,1,0,1,15,10,5,7,0,20,20,0:100,0.0,0.33,True
earth + salt,1,0,1,11,7,4,9,0,25,25,0:100,0.0,0.36,False
brick + cloud,1,0,1,17,13,4,6,0,25,25,0:100,0.0,0.24,False
brick + earthquake,1,0,1,23,16,7,4,0,14,14,0:100,0.0,0.3,False
sand + rain,1,0,1,10,5,5,10,0,20,20,0:100,0.0,1.0,False
cloud + geyser,1,0,1,9,6,3,11,0,33,33,0:100,0.0,0.33,False
horizon + water,1,0,1,4,2,2,25,0,50,50,0:100,0.0,1.0,False
mud + sky,1,0,1,13,11,2,8,0,50,50,0:100,0.0,0.15,False
horizon + steam,1,0,1,4,2,2,25,0,50,50,0:100,0.0,1.0,False
cloud + wind,1,0,1,11,5,6,9,0,17,17,0:100,0.0,1.0,False
granite + atmosphere,1,0,1,2,1,1,50,0,100,100,0:100,0.0,1.0,False
lava + atmosphere,1,0,1,11,7,4,9,0,25,25,0:100,0.0,0.36,False
wind + atmosphere,1,0,1,5,2,3,20,0,33,33,0:100,0.0,1.0,False
pressure + horizon,1,0,1,2,1,1,50,0,100,100,0:100,0.0,1.0,False
granite + pressure,1,0,1,6,4,2,17,0,50,50,0:100,0.0,0.33,False
tobacco + tobacco,1,0,1,24,11,13,4,0,8,8,0:100,0.0,1.0,False
air + sea,1,0,1,32,22,10,3,0,10,10,0:100,0.0,0.31,False
tobacco + swamp,1,0,1,8,3,5,12,0,20,20,0:100,0.0,1.0,False
plant + swamp,1,0,1,10,5,5,10,0,20,20,0:100,0.0,1.0,False
water + swamp,1,0,1,10,5,5,10,0,20,20,0:100,0.0,1.0,False
swamp + earth,1,0,1,10,5,5,10,0,20,20,0:100,0.0,1.0,False
swamp + earthquake,1,0,1,5,1,4,20,0,25,25,0:100,0.0,1.0,False
ocean + earthquake,1,0,1,6,3,3,17,0,33,33,0:100,0.0,1.0,True
tsunami + swamp,1,0,1,1,0,1,100,0,100,100,0:100,nan,1.0,False
rain + swamp,1,0,1,10,5,5,10,0,20,20,0:100,0.0,1.0,False
metal + water,1,0,1,16,9,7,6,0,14,14,0:100,0.0,0.44,False
electricity + earthquake,1,0,1,3,2,1,33,0,100,100,0:100,0.0,0.33,False
electricity + water,1,0,1,6,2,4,17,0,25,25,0:100,0.0,1.0,False
earth + electricity,1,0,1,6,2,4,17,0,25,25,0:100,0.0,1.0,False
energy + electricity,1,0,1,6,2,4,17,0,25,25,0:100,0.0,1.0,False
electricity + metal,1,0,1,6,2,4,17,0,25,25,0:100,0.0,1.0,True
wire + water,1,0,1,3,0,3,33,0,33,33,0:100,nan,1.0,False
wall + water,1,0,1,14,10,4,7,0,25,25,0:100,0.0,0.29,False
lava + fog,1,0,1,5,3,2,20,0,50,50,0:100,0.0,0.4,False
wall + lava,1,0,1,11,9,2,9,0,50,50,0:100,0.0,0.18,False
brick + algae,1,0,1,10,4,6,10,0,17,17,0:100,0.0,1.0,False
plant + fog,1,0,1,3,1,2,33,0,50,50,0:100,0.0,1.0,False
sea + plant,1,0,1,10,5,5,10,0,20,20,0:100,0.0,1.0,True
coal + fire,1,0,1,3,1,2,33,0,50,50,0:100,0.0,1.0,False
grass + fog,1,0,1,2,0,2,50,0,50,50,0:100,nan,1.0,True
dew + dust,1,0,1,6,1,5,17,0,20,20,0:100,0.0,1.0,False
coal + dew,1,0,1,1,0,1,100,0,100,100,0:100,nan,1.0,False
garden + fog,1,0,1,1,0,1,100,0,100,100,0:100,nan,1.0,False
mud + garden,1,0,1,6,2,4,17,0,25,25,0:100,0.0,1.0,False
plant + atmosphere,1,0,1,4,2,2,25,0,50,50,0:100,0.0,1.0,False
fog + atmosphere,1,0,1,2,1,1,50,0,100,100,0:100,0.0,1.0,False
stone + mud,1,0,1,29,16,13,3,0,8,8,0:100,0.0,0.45,False
water + geyser,1,0,1,35,22,13,3,0,8,8,0:100,0.0,0.37,False
dust + algae,1,0,1,17,10,7,6,0,14,14,0:100,0.0,0.41,False
wind + algae,1,0,1,7,3,4,14,0,25,25,0:100,0.0,1.0,False
salt + pressure,1,0,1,9,6,3,11,0,33,33,0:100,0.0,0.33,False
dust + atmosphere,1,0,1,11,6,5,9,0,20,20,0:100,0.0,0.45,False
earthquake + atmosphere,1,0,1,4,3,1,25,0,100,100,0:100,0.0,0.25,False
gunpowder + atmosphere,1,0,1,5,4,1,20,0,100,100,0:100,0.0,0.2,False
mud + atmosphere,1,0,1,9,4,5,11,0,20,20,0:100,0.0,1.0,False
sea + atmosphere,1,0,1,9,5,4,11,0,25,25,0:100,0.0,0.44,False
tobacco + air,1,0,1,24,11,13,4,0,8,8,0:100,0.0,1.0,False
wind + tobacco,1,0,1,11,4,7,9,0,14,14,0:100,0.0,1.0,False
hurricane + algae,1,0,1,2,0,2,50,0,50,50,0:100,nan,1.0,False
hurricane + plant,1,0,1,6,1,5,17,0,20,20,0:100,0.0,1.0,False
hurricane + rain,1,0,1,16,7,9,6,0,11,11,0:100,0.0,1.0,False
hurricane + tobacco,1,0,1,3,0,3,33,0,33,33,0:100,nan,1.0,False
sea + algae,1,0,1,7,4,3,14,0,33,33,0:100,0.0,0.43,False
grass + water,1,0,1,21,12,9,5,0,11,11,0:100,0.0,0.43,True
algae + ocean,1,0,1,3,1,2,33,0,50,50,0:100,0.0,1.0,False
brick + pressure,1,0,1,18,12,6,6,0,17,17,0:100,0.0,0.33,False
sand + fire,1,0,1,11,5,6,9,0,17,17,0:100,0.0,1.0,True
water + aquarium,1,0,1,2,1,1,50,0,100,100,0:100,0.0,1.0,False
geyser + aquarium,1,0,1,1,0,1,100,0,100,100,0:100,nan,1.0,False
steam + glass,1,0,1,2,1,1,50,0,100,100,0:100,0.0,1.0,False
earthquake + aquarium,1,0,1,1,0,1,100,0,100,100,0:100,nan,1.0,False
earthquake + sand,1,0,1,3,1,2,33,0,50,50,0:100,0.0,1.0,False
lava + hurricane,1,0,1,17,9,8,6,0,12,12,0:100,0.0,0.47,False
city + energy,1,0,1,4,2,2,25,0,50,50,0:100,0.0,1.0,False
city + fire,1,0,1,5,3,2,20,0,50,50,0:100,0.0,0.4,False
mountain + lava,1,0,1,16,13,3,6,0,33,33,0:100,0.0,0.19,True
river + dust,1,0,1,8,6,2,12,0,50,50,0:100,0.0,0.25,False
lava + river,1,0,1,8,6,2,12,0,50,50,0:100,0.0,0.25,False
wind + swamp,1,0,1,3,1,2,33,0,50,50,0:100,0.0,1.0,False
steam + dew,1,0,1,7,2,5,14,0,20,20,0:100,0.0,1.0,False
air + dew,1,0,1,8,2,6,12,0,17,17,0:100,0.0,1.0,False
fire + dew,1,0,1,8,2,6,12,0,17,17,0:100,0.0,1.0,False
grass + wind,1,0,1,7,3,4,14,0,25,25,0:100,0.0,1.0,False
rain + grass,1,0,1,21,12,9,5,0,11,11,0:100,0.0,0.43,False
steam + grass,1,0,1,19,11,8,5,0,12,12,0:100,0.0,0.42,False
explosion + wind,1,0,1,4,2,2,25,0,50,50,0:100,0.0,1.0,False
earthquake + explosion,1,0,1,7,5,2,14,0,50,50,0:100,0.0,0.29,False
volcano + mud,1,0,1,36,26,10,3,0,10,10,0:100,0.0,0.28,False
blade + metal,1,0,1,4,1,3,25,0,33,33,0:100,0.0,1.0,True
blade + fire,1,0,1,4,1,3,25,0,33,33,0:100,0.0,1.0,False
metal + air,1,0,1,16,9,7,6,0,14,14,0:100,0.0,0.44,True
rust + sword,1,0,1,1,0,1,100,0,100,100,0:100,nan,1.0,False
fire + sword,1,0,1,3,0,3,33,0,33,33,0:100,nan,1.0,False
water + blade,1,0,1,4,1,3,25,0,33,33,0:100,0.0,1.0,False
metal + rust,1,0,1,2,0,2,50,0,50,50,0:100,nan,1.0,False
obsidian + sword,1,0,1,2,0,2,50,0,50,50,0:100,nan,1.0,False
rust + stone,1,0,1,2,0,2,50,0,50,50,0:100,nan,1.0,False
stone + sword,1,0,1,3,0,3,33,0,33,33,0:100,nan,1.0,True
excalibur + rust,1,0,1,1,0,1,100,0,100,100,0:100,nan,1.0,False
earth + excalibur,1,0,1,1,0,1,100,0,100,100,0:100,nan,1.0,False
air + excalibur,1,0,1,1,0,1,100,0,100,100,0:100,nan,1.0,False
air + sword,1,0,1,3,0,3,33,0,33,33,0:100,nan,1.0,False
rust + air,1,0,1,2,0,2,50,0,50,50,0:100,nan,1.0,False
pressure + rust,1,0,1,1,0,1,100,0,100,100,0:100,nan,1.0,False
plant + cloud,1,0,1,12,7,5,8,0,20,20,0:100,0.0,0.42,True
cotton + fire,1,0,1,2,1,1,50,0,100,100,0:100,0.0,1.0,False
water + cotton,1,0,1,2,1,1,50,0,100,100,0:100,0.0,1.0,False
cloud + cotton,1,0,1,2,1,1,50,0,100,100,0:100,0.0,1.0,False
fog + dust,1,0,1,5,3,2,20,0,50,50,0:100,0.0,0.4,False
fire + fog,1,0,1,6,4,2,17,0,50,50,0:100,0.0,0.33,False
energy + fog,1,0,1,4,3,1,25,0,100,100,0:100,0.0,0.25,False
earth + cotton,1,0,1,2,1,1,50,0,100,100,0:100,0.0,1.0,False
earth + fog,1,0,1,6,4,2,17,0,50,50,0:100,0.0,0.33,False
air + cotton,1,0,1,2,1,1,50,0,100,100,0:100,0.0,1.0,False
metal + electricity,1,0,1,6,2,4,17,0,25,25,0:100,0.0,1.0,True
energy + wire,1,0,1,3,0,3,33,0,33,33,0:100,nan,1.0,False
wire + metal,1,0,1,3,0,3,33,0,33,33,0:100,nan,1.0,False
water + wire,1,0,1,3,0,3,33,0,33,33,0:100,nan,1.0,False
electricity + fire,1,0,1,6,2,4,17,0,25,25,0:100,0.0,1.0,False
hurricane + electricity,1,0,1,1,0,1,100,0,100,100,0:100,nan,1.0,False
wire + stone,1,0,1,3,0,3,33,0,33,33,0:100,nan,1.0,False
obsidian + hurricane,1,0,1,9,4,5,11,0,20,20,0:100,0.0,1.0,False
electricity + earth,1,0,1,6,2,4,17,0,25,25,0:100,0.0,1.0,False
sand + mud,1,0,1,9,5,4,11,0,25,25,0:100,0.0,0.44,True
earth + clay,1,0,1,2,1,1,50,0,100,100,0:100,0.0,1.0,False
wind + clay,1,0,1,2,1,1,50,0,100,100,0:100,0.0,1.0,False
stone + metal,1,0,1,16,9,7,6,0,14,14,0:100,0.0,0.44,True
blade + mud,1,0,1,3,1,2,33,0,50,50,0:100,0.0,1.0,False
metal + blade,1,0,1,4,1,3,25,0,33,33,0:100,0.0,1.0,True
sword + mud,1,0,1,2,0,2,50,0,50,50,0:100,nan,1.0,False
water + sword,1,0,1,3,0,3,33,0,33,33,0:100,nan,1.0,False
earth + sword,1,0,1,3,0,3,33,0,33,33,0:100,nan,1.0,False
metal + rain,1,0,1,13,8,5,8,0,20,20,0:100,0.0,0.38,False
electricity + air,1,0,1,6,2,4,17,0,25,25,0:100,0.0,1.0,False
electricity + energy,1,0,1,6,2,4,17,0,25,25,0:100,0.0,1.0,False
electricity + stone,1,0,1,6,2,4,17,0,25,25,0:100,0.0,1.0,False
steam + stone,1,0,1,32,18,14,3,0,7,7,0:100,0.0,0.44,False
geyser + electricity,1,0,1,3,1,2,33,0,50,50,0:100,0.0,1.0,False
wave + mud,1,0,1,3,1,2,33,0,50,50,0:100,0.0,1.0,False
dust + wave,1,0,1,4,2,2,25,0,50,50,0:100,0.0,1.0,False
wave + energy,1,0,1,4,2,2,25,0,50,50,0:100,0.0,1.0,False
brick + wave,1,0,1,1,0,1,100,0,100,100,0:100,nan,1.0,False
wall + pressure,1,0,1,13,9,4,8,0,25,25,0:100,0.0,0.31,False
atmosphere + wind,1,0,1,5,2,3,20,0,33,33,0:100,0.0,1.0,False
atmosphere + wave,1,0,1,2,1,1,50,0,100,100,0:100,0.0,1.0,False
swamp + mud,1,0,1,10,5,5,10,0,20,20,0:100,0.0,1.0,False
swamp + lava,1,0,1,8,4,4,12,0,25,25,0:100,0.0,1.0,False
tobacco + grass,1,0,1,13,6,7,8,0,14,14,0:100,0.0,1.0,False
plant + volcano,1,0,1,17,10,7,6,0,14,14,0:100,0.0,0.41,False
pressure + plant,1,0,1,12,6,6,8,0,17,17,0:100,0.0,1.0,True
coal + energy,1,0,1,1,0,1,100,0,100,100,0:100,nan,1.0,False
granite + water,1,0,1,6,4,2,17,0,50,50,0:100,0.0,0.33,False
pond + water,1,0,1,2,1,1,50,0,100,100,0:100,0.0,1.0,True
lake + water,1,0,1,1,0,1,100,0,100,100,0:100,nan,1.0,False
lake + earth,1,0,1,1,0,1,100,0,100,100,0:100,nan,1.0,False
garden + lake,1,0,1,1,0,1,100,0,100,100,0:100,nan,1.0,False
volcano + garden,1,0,1,3,1,2,33,0,50,50,0:100,0.0,1.0,False
obsidian + granite,1,0,1,2,0,2,50,0,50,50,0:100,nan,1.0,False
coal + coal,1,0,1,3,1,2,33,0,50,50,0:100,0.0,1.0,False
lake + volcano,1,0,1,1,0,1,100,0,100,100,0:100,nan,1.0,False
sea + air,1,0,1,32,22,10,3,0,10,10,0:100,0.0,0.31,False
sea + rain,1,0,1,26,18,8,4,0,12,12,0:100,0.0,0.31,False
sea + stone,1,0,1,9,5,4,11,0,25,25,0:100,0.0,0.44,False
stone + salt,1,0,1,4,1,3,25,0,33,33,0:100,0.0,1.0,False
electricity + sea,1,0,1,1,0,1,100,0,100,100,0:100,nan,1.0,False
salt + electricity,1,0,1,1,0,1,100,0,100,100,0:100,nan,1.0,False
stone + electricity,1,0,1,6,2,4,17,0,25,25,0:100,0.0,1.0,False
wire + energy,1,0,1,3,0,3,33,0,33,33,0:100,nan,1.0,False
stone + wire,1,0,1,3,0,3,33,0,33,33,0:100,nan,1.0,False
sand + steam,1,0,1,11,5,6,9,0,17,17,0:100,0.0,1.0,False
beach + earth,1,0,1,3,2,1,33,0,100,100,0:100,0.0,0.33,False
beach + steam,1,0,1,3,2,1,33,0,100,100,0:100,0.0,0.33,False
volcano + beach,1,0,1,2,1,1,50,0,100,100,0:100,0.0,1.0,False
stone + energy,1,0,1,32,18,14,3,0,7,7,0:100,0.0,0.44,False
energy + sand,1,0,1,10,4,6,10,0,17,17,0:100,0.0,1.0,True
sandstorm + rain,1,0,1,1,0,1,100,0,100,100,0:100,nan,1.0,False
sandstorm + volcano,1,0,1,1,0,1,100,0,100,100,0:100,nan,1.0,False
sandstorm + fire,1,0,1,1,0,1,100,0,100,100,0:100,nan,1.0,False
sandstorm + lava,1,0,1,1,0,1,100,0,100,100,0:100,nan,1.0,False
sandstorm + beach,1,0,1,1,0,1,100,0,100,100,0:100,nan,1.0,False
dust + sea,1,0,1,21,14,7,5,0,14,14,0:100,0.0,0.33,False
sea + earth,1,0,1,32,22,10,3,0,10,10,0:100,0.0,0.31,False
cloud + storm,1,0,1,9,7,2,11,0,50,50,0:100,0.0,0.22,False
storm + air,1,0,1,9,7,2,11,0,50,50,0:100,0.0,0.22,False
storm + earth,1,0,1,9,7,2,11,0,50,50,0:100,0.0,0.22,False
steam + storm,1,0,1,9,7,2,11,0,50,50,0:100,0.0,0.22,False
rain + ash,1,0,1,13,8,5,8,0,20,20,0:100,0.0,0.38,False
mud + ash,1,0,1,13,9,4,8,0,25,25,0:100,0.0,0.31,False
storm + ash,1,0,1,3,2,1,33,0,100,100,0:100,0.0,0.33,False
geyser + stone,1,0,1,11,4,7,9,0,14,14,0:100,0.0,1.0,False
blade + stone,1,0,1,4,1,3,25,0,33,33,0:100,0.0,1.0,False
sand + stone,1,0,1,11,5,6,9,0,17,17,0:100,0.0,1.0,True
sandstone + stone,1,0,1,1,0,1,100,0,100,100,0:100,nan,1.0,False
fire + blade,1,0,1,4,1,3,25,0,33,33,0:100,0.0,1.0,False
earth + blade,1,0,1,4,1,3,25,0,33,33,0:100,0.0,1.0,False
air + blade,1,0,1,4,1,3,25,0,33,33,0:100,0.0,1.0,False
energy + blade,1,0,1,2,0,2,50,0,50,50,0:100,nan,1.0,False
geyser + blade,1,0,1,2,0,2,50,0,50,50,0:100,nan,1.0,False
lava + blade,1,0,1,4,1,3,25,0,33,33,0:100,0.0,1.0,False
fire + sandstone,1,0,1,1,0,1,100,0,100,100,0:100,nan,1.0,False
energy + sword,1,0,1,2,0,2,50,0,50,50,0:100,nan,1.0,True
geyser + sword,1,0,1,2,0,2,50,0,50,50,0:100,nan,1.0,False
lava + sword,1,0,1,3,0,3,33,0,33,33,0:100,nan,1.0,False
lightsaber + sword,1,0,1,1,0,1,100,0,100,100,0:100,nan,1.0,False
metal + sword,1,0,1,3,0,3,33,0,33,33,0:100,nan,1.0,False
sand + sword,1,0,1,1,0,1,100,0,100,100,0:100,nan,1.0,False
sword + sandstone,1,0,1,1,0,1,100,0,100,100,0:100,nan,1.0,False
blade + steam,1,0,1,3,1,2,33,0,50,50,0:100,0.0,1.0,False
tobacco + mud,1,0,1,21,8,13,5,0,8,8,0:100,0.0,1.0,False
dust + swamp,1,0,1,6,3,3,17,0,33,33,0:100,0.0,1.0,False
swamp + tobacco,1,0,1,8,3,5,12,0,20,20,0:100,0.0,1.0,False
stone + swamp,1,0,1,2,0,2,50,0,50,50,0:100,nan,1.0,False
algae + mud,1,0,1,17,9,8,6,0,12,12,0:100,0.0,0.47,False
obsidian + plant,1,0,1,20,13,7,5,0,14,14,0:100,0.0,0.35,False
metal + earth,1,0,1,16,9,7,6,0,14,14,0:100,0.0,0.44,False
brick + stone,1,0,1,18,10,8,6,0,12,12,0:100,0.0,0.44,False
stone + gunpowder,1,0,1,9,7,2,11,0,50,50,0:100,0.0,0.22,False
dew + air,1,0,1,8,2,6,12,0,17,17,0:100,0.0,1.0,False
sun + dew,1,0,1,1,0,1,100,0,100,100,0:100,nan,1.0,False
sun + plant,1,0,1,4,3,1,25,0,100,100,0:100,0.0,0.25,True
sun + earth,1,0,1,4,3,1,25,0,100,100,0:100,0.0,0.25,False
sun + water,1,0,1,4,3,1,25,0,100,100,0:100,0.0,0.25,False
energy + bullet,1,0,1,2,1,1,50,0,100,100,0:100,0.0,1.0,False
sun + brick,1,0,1,2,1,1,50,0,100,100,0:100,0.0,1.0,False
sun + cloud,1,0,1,4,3,1,25,0,100,100,0:100,0.0,0.25,False
